property	listOfGroups
P2268	Q18608871,Q19847637,Q27918607
P2263	Q19847637
P2262	Q21077852,Q22984363
P2261	Q21077852,Q22984363
P2260	Q21077852
P2267	Q18608993,Q18608871,Q22984475,Q19847637
P2266	Q18608871,Q27659414,Q19847637
P2264	Q22582645
P2634	Q18618644,Q27918607
P3898	Q18618644,Q19847637,Q19829914,Q22984545
P2635	Q18618644
P2636	Q27531381,Q18618644,Q19847637
P2637	Q27531381,Q18618644
P2630	Q21451178,Q22964785
P2387	Q27531381,Q18608871,Q19847637
P2631	Q27531381,Q18618644,Q19847637
P1844	Q18618644,Q19847637
P3248	Q19847637
P2632	Q22984026,Q18608871,Q18615777,Q18668171,Q22964785
P2319	Q22984475
P2318	Q22964785
P2317	Q21264328
P2316	Q22582645,Q15720608
P2315	Q18644427,Q22582645,Q15720608
P2633	Q19829914
P2313	Q22582645,Q15720608
P2312	Q22582645,Q15720608
P2311	Q22582645,Q15720608
P2310	Q22582645,Q15720608
P3521	Q18608871,Q19847637,Q22984545
P1668	
P1669	Q18618644,Q19847637
P1666	Q19847637,Q22984545
P1667	Q19847637,Q19829914
P1664	Q18608871,Q19847637,Q22984545
P1665	Q19847637,Q22984545
P1662	Q19847637
P1663	Q18608871,Q19847637,Q22984545
P1660	Q19887775
P1661	
P3808	Q27531381,Q18618644,Q19847637
P3809	Q19847637,Q19829914
P3804	Q27531381,Q18618644,Q19847637
P3805	Q18618644,Q19847637
P3806	Q19847637,Q19829914
P3807	Q18608871,Q19847637
P3800	Q18608871,Q19847637,Q22984545
P3801	Q19847637
P3802	Q18618644,Q19847637
P3803	Q27531381,Q18618644
P3351	Q27531381,Q18608871,Q19847637
P1408	Q18608993
P1409	Q18608871,Q19847637,Q22984545
P2689	Q19847637
P2688	Q27531381,Q18608871,Q19847637
P518	Q15720608
P516	Q22963600
P517	Q22981316
P1400	
P1401	
P1406	
P1407	Q18618644,Q19847637,Q27525351
P1404	Q24041622,Q19829914
P511	Q18608871,Q26935994
P2443	Q22984545
P2442	Q21077852
P1798	Q20824104,Q19847637
P1799	Q19847637
P2447	Q18608871,Q19847637,Q22984545
P2446	Q18608871,Q19847637,Q22984545
P2445	
P2444	
P1792	Q18667213,Q19829914
P1793	Q22582645,Q21099935
P2449	Q18608871,Q19847637,Q22984545
P1791	Q18608871,Q18668171,Q18667213,Q22964785
P1796	Q19847637
P1794	Q19847637
P1795	Q18608871,Q19847637,Q27918607
P1888	Q19643892
P1889	Q28100549,Q18647518
P1886	Q19847637,Q19829914,Q22988651
P1887	Q19829914
P1884	Q18608871
P1885	Q22983697
P1882	Q18608871,Q19847637,Q27918607
P961	Q22988603,Q19847637
P1880	
P1881	Q18618644
P1068	
P1069	Q24043375
P2045	Q22981316
P1588	Q19847637,Q19829914
P2043	Q21077852
P2042	Q18608871,Q19847637,Q27918607
P2041	Q18608871,Q19847637,Q27918607
P2040	Q22988603
P1060	Q19887775
P1064	Q22984363
P1065	Q18608359,Q15720608
P1066	Q18608871,Q22984450
P1067	Q19847637,Q19829914
P1240	Q18618644,Q21099935
P1241	Q18608993,Q19847637,Q22984545
P1242	Q18618644,Q19847637
P1243	Q19847637
P1532	Q18608871,Q22984545
P1245	Q19847637
P1246	Q18618644
P1531	
P1248	Q19847637
P1249	Q18668171
P1538	Q21027105,Q22984494
P1539	Q28649030,Q22984494
P1086	Q21294996
P1087	Q18608871,Q22984545
P468	Q18608871,Q22984545
P469	Q24041622
P1082	Q22984494
P1083	Q19829914,Q22984545
P1080	Q18618644
P1081	Q21451178
P462	Q22964093
P463	Q18608993,Q18608871,Q26935994
P460	Q28100549,Q18647518,Q18647515
P461	Q28100549,Q18647518
P466	Q19829914
P467	Q22984026
P464	Q22984026,Q18618644,Q19847637
P465	Q21099935,Q22964093
P4081	Q18608871,Q19847637
P968	Q26935994,Q24262056
P4080	
P1855	Q22582645
P4083	
P1854	Q19847637,Q19829914
P868	Q23038310
P866	Q18608871,Q19847637
P867	Q19847637,Q24043375
P864	Q18608871,Q19847637
P865	Q27525351,Q19847637
P862	Q18608993,Q22984363
P863	Q19847637
P860	Q19847637
P861	Q18608871,Q19847637,Q22984545
P646	Q19847637
P647	Q18608871,Q22984545
P644	Q22988603,Q21099935
P645	Q22988603,Q21099935
P642	Q15720608
P640	Q18608871,Q19847637
P641	Q18608993,Q18608871,Q22984545
P2824	Q22981316,Q19847637,Q19829914
P648	Q18608871,Q18618644,Q19847637,Q27918607
P649	Q19847637
P884	Q19847637,Q24041622
P885	Q24041622
P886	
P887	Q18608359
P1338	Q19847637
P1339	Q22964785
P882	Q19847637,Q19829914
P883	Q19847637,Q19829914
P1334	Q18615777
P1335	Q18615777
P1336	Q19829914,Q22997934
P888	Q18618644,Q19847637
P889	Q22988631,Q18618644,Q19847637
P1332	Q18615777
P1333	Q18615777
P3753	Q22988631,Q18618644
P3754	Q22988631,Q18618644
P3736	Q18618644,Q19847637,Q27525351
P3413	Q18608871,Q19847637
P3242	Q19847637
P3243	Q19847637
P1977	Q18608871,Q19847637
P242	Q18610173,Q26940804,Q19829914
P243	Q18618644,Q19847637,Q27918607
P240	Q18618644,Q19847637,Q19829914,Q22984363
P241	Q18608993
P246	Q21099935,Q21294996
P247	Q28104992,Q22981316,Q19847637
P244	Q18608993,Q18608871,Q19847637
P245	Q18608993,Q18608871,Q19847637,Q27918607
P3246	Q19847637
P248	Q18608359,Q29575308
P249	Q18608993,Q21451178,Q21264328
P709	Q19847637
P708	Q22983697
P3615	Q19847637,Q19829914
P3411	Q18608871,Q19847637
P3245	Q19847637
P3410	Q18608871,Q19847637,Q22983697
P3963	Q18618644,Q19847637,Q22983697,Q19829914
P701	Q19847637
P3962	Q19847637
P700	Q21294996,Q22984363
P1967	Q18608871,Q19847637,Q22984545
P2798	Q18608871,Q19847637
P3969	Q20824104
P3499	Q18618644,Q22963600
P3498	Q27642681,Q19847637
P3497	Q22984545
P3496	Q22984545
P3495	Q19847637,Q27531381,Q18608871,Q18618644
P3494	Q22984545
P3493	Q19887775,Q22984026
P3492	Q19887775
P3491	Q19887775,Q22988603
P3490	Q19887775,Q22988603
P3659	Q18608871,Q19847637,Q22984545
P3658	Q18608871,Q19847637,Q22984545
P3309	Q19847637,Q19829914,Q22988651
P3308	Q19847637
P3307	Q18608871,Q19847637,Q27918607
P3306	Q18618644
P3305	Q27531381,Q18608871,Q19847637
P3304	Q19847637
P3303	Q22582645,Q21099935
P3302	Q27531381,Q18618644,Q19847637
P3301	Q22984545,Q22964785
P3300	Q18608993,Q27525351
P2872	Q24262056
P2873	Q18608871,Q21077852
P2870	Q22988603,Q19847637
P2871	Q22988603,Q19847637
P2876	Q22582645
P2877	Q19847637,Q21294996
P2874	Q22988603,Q19847637,Q21294996
P2875	Q22582645
P2878	Q19847637
P2879	Q18618644,Q19847637,Q27918607
P1963	Q22582645
P4056	Q18608993,Q18608871,Q19847637,Q22984545
P4057	
P3019	Q22984363
P3018	Q18615777,Q27642681
P4052	Q18608993,Q19847637,Q22984450
P4053	Q18608993,Q18608871,Q19847637,Q22984545
P4050	Q18608993,Q18608871,Q19847637,Q22984545
P4051	Q19847637
P3013	Q21077852
P3012	Q19847637,Q19829914
P3010	Q18608871,Q19847637,Q22984545
P3017	Q18608993,Q18608871,Q27525351,Q19847637
P3016	Q19847637
P3015	
P3014	Q22984026
P1962	Q18608871,Q27918607
P2793	Q21077852,Q22984363,Q19829914
P3277	Q18608871,Q19847637,Q27918607
P3276	Q18608993,Q18608871,Q19847637
P3275	Q18618644
P3274	Q15720608
P3273	Q18608993,Q19847637
P3272	Q18618644,Q19847637,Q27918607
P3271	Q22984450
P3270	Q22984450
P3279	Q22984545
P2308	Q22582645,Q15720608
P2309	Q22582645,Q15720608
P2792	Q19847637,Q22988651
P3476	Q19847637,Q22984545
P3471	Q19847637
P3470	Q18615777,Q19847637
P3473	Q19847637
P3472	Q19847637
P2300	Q21077852,Q21294996
P2302	Q22582645
P2303	Q22582645,Q15720608
P2304	Q22582645,Q15720608
P2305	Q22582645,Q15720608
P2306	Q22582645,Q15720608
P2307	Q22582645,Q21099935,Q15720608
P1659	Q22582645
P1653	Q19847637,Q19829914
P1652	Q22984545,Q22964785
P1651	Q19847637
P1650	Q18608871,Q19847637
P1657	Q27531381,Q18618644
P1656	
P1654	Q22963600
P3879	
P3878	
P3871	Q24041622
P3870	Q22988603
P3872	Q22984363
P3875	Q18608993,Q19847637,Q21451178
P3874	Q18608871,Q19847637
P3877	Q18608993,Q23038310,Q19847637
P3876	Q18667213,Q22984450,Q19829914
P3989	Q18608993
P2540	Q18618644
P2275	Q19887775,Q21294996
P2276	Q18608871,Q19847637,Q22984545
P2277	Q18608871,Q19847637
P2270	Q18618644,Q19847637,Q19829914
P2271	Q22582645
P2272	Q19847637
P2273	Q18608871,Q19847637
P2278	Q22984475,Q18608871,Q19847637
P2279	Q18618644,Q27525351
P509	Q18608871,Q18668171,Q22964785
P508	Q19847637
P2698	Q18608871,Q19847637,Q22984545
P2699	
P501	Q19829914
P500	Q19829914
P503	Q19847637
P502	Q19847637,Q21264328,Q22969167
P505	Q18608993,Q22984545
P504	Q18615777,Q22984363
P507	Q19847637,Q19829914
P506	Q19847637
P3905	Q19847637
P3904	Q23038310,Q19847637
P3907	Q19847637,Q19829914,Q22988651
P3906	Q19847637,Q27531381,Q18608871,Q18618644
P2458	Q18608871,Q19847637,Q22984545
P2459	Q18608871,Q19847637,Q22984545
P3903	Q21099935,Q29575308
P3902	Q18608871,Q23038310
P2454	Q18608871,Q19847637,Q27918607
P2455	Q19847637
P2456	Q18608871,Q19847637
P2457	Q19847637,Q22984363
P2450	Q18608871,Q19847637
P2451	Q18618644,Q22963600,Q22984545
P2452	Q19847637
P2453	Q15720608
P141	Q22988603
P2549	Q22984475,Q18608871,Q19847637
P140	Q18608871,Q22983697
P143	Q18608359
P2050	Q21077852
P2051	Q21077852
P2052	Q21077852
P2053	Q24041622,Q21077852,Q22988651
P2054	Q21077852,Q21294996
P2055	Q21077852,Q21294996
P2056	Q21077852
P2057	Q19847637,Q21294996
P2058	Q22984026
P3727	Q19847637,Q19829914
P144	Q18618644
P474	Q19847637
P477	Q19847637
P476	Q19847637,Q22984026
P470	Q18608871
P473	Q21264328
P3358	Q19887775
P479	Q18618644,Q22963600
P478	Q21099935,Q29575308
P3720	Q19887775,Q19847637
P3723	Q18618644,Q19847637,Q22984363,Q19829914
P3207	Q18608993,Q18608871,Q19847637
P3722	Q18610173,Q19829914
P2794	Q22988603,Q19847637
P879	Q22984363,Q21264328
P1436	
P1435	Q18618644
P1434	Q18618644
P1433	Q18618644
P1432	Q18618644,Q27525351
P1431	Q27531381,Q18618644
P1430	Q18608871,Q19847637
P870	Q18618644,Q27525351
P873	Q21077852
P872	Q18618644,Q27918607
P875	Q21294996
P514	Q22988651
P877	Q21099935
P876	Q21294996,Q22984363
P651	Q18608871,Q19847637
P650	Q18608871,Q19847637,Q27918607
P653	Q19887775
P515	Q22981316
P655	Q18618644
P654	Q15720608
P657	Q19847637,Q21294996
P656	Q15720608
P659	Q15720608
P512	Q18608871,Q22984450
P1993	Q21099935
P2680	Q18618644,Q27918607
P1349	Q22988603
P1348	Q22988603
P894	Q22988631,Q18618644,Q19847637
P893	Q18618644,Q19847637
P892	Q18618644,Q19847637
P1341	Q22984475,Q18608871,Q19847637
P1340	Q18608871
P1343	Q18608359
P1342	Q18608993
P1345	Q18608871
P1344	Q18608993,Q18608871
P1347	Q18608871,Q18668171,Q22964785
P1346	Q22984545,Q22964785
P3681	Q18608871,Q19847637,Q22984545
P2441	Q15720608
P2783	Q18618644,Q19847637,Q19829914
P2440	Q21099935,Q19643892,Q18616084,Q15720608
P2696	Q18608871,Q19847637,Q22984545
P2763	Q27642681,Q19847637,Q19829914
P2448	Q18608871,Q19847637,Q22984545
P2697	Q18608871,Q19847637,Q22984545
P2765	Q18618644,Q19847637,Q19829914
P3258	Q18608993,Q18608871,Q19847637
P3240	Q22988603,Q19847637
P599	Q18608871,Q19847637,Q22984545
P3241	Q19847637,Q22983697
P1883	Q18608871,Q19847637
P3488	Q22988603
P3489	Q19887775
P3480	Q19847637
P3481	Q19847637
P3482	Q27659414,Q19847637
P3483	Q27525351,Q19847637,Q22963600,Q18618644,Q22984545
P3484	Q19643892
P3485	Q22988603
P3486	Q22988603
P3487	Q22988603
P3318	Q19847637
P2047	Q18618644,Q21077852,Q18668171
P3648	Q22988603
P2046	Q18618644,Q21077852
P3310	Q19887775
P3311	Q26940804,Q19829914
P3644	Q18608871,Q19847637,Q22984545
P3645	Q18608871,Q19847637,Q22984545
P3314	Q18608871,Q19847637,Q22984545
P3315	Q18608871,Q19847637,Q22984545
P3316	Q18608871,Q19847637,Q22984545
P3641	
P2044	Q21077852
P2670	Q28326461,Q28326730
P4045	Q18610173,Q18720640
P2864	Q18618644,Q19847637
P3532	Q18608871,Q22984545
P3533	Q18608871,Q22984545
P2849	Q22988603
P2848	Q24262056
P2847	Q18608993,Q18608871,Q24262056
P2846	Q24262056
P2845	Q19847637
P2844	Q19887775
P2843	Q18608871,Q19847637,Q27918607
P2842	Q18615777,Q15720608,Q22964785
P2841	Q19887775
P2840	Q22988603
P3004	Q18618644,Q19847637,Q27918607
P3005	Q15720608
P3006	Q19847637,Q24041622
P3007	Q19847637
P3000	
P3001	
P3002	Q18608993,Q19847637
P3003	Q19847637
P3008	Q19847637
P3009	Q27642681,Q19847637,Q19829914
P4063	Q18608993,Q18608871,Q19847637,Q22984545
P3538	Q18608871,Q22984545
P4061	Q18608993,Q18608871,Q19847637,Q22984545
P4060	Q18608993,Q18608871,Q19847637,Q22984545
P4067	Q18608993,Q18608871,Q19847637,Q22984545
P2049	Q21077852
P4065	Q18608993,Q18608871,Q19847637,Q22984545
P3539	Q18608871,Q22984545
P4069	Q18608993,Q18608871,Q19847637,Q22984545
P2048	Q21077852
P1536	Q22964785
P1537	Q22964785
P1534	Q15720608,Q22964785
P1535	
P1533	Q19643892
P3260	Q22984545
P3261	Q19887775
P3262	Q19887775
P3263	Q22988631
P3264	Q22988631
P3265	Q19847637
P3266	Q19847637
P3267	Q19847637
P3268	Q18608993
P3269	Q18608871,Q19847637,Q27918607
P1247	Q22963600
P2999	
P2998	Q22984475,Q22964785
P3464	Q19887775
P3128	Q27531381,Q18618644,Q19847637
P3462	Q19847637
P3463	Q19847637
P3460	Q18608993
P3461	Q18608993
P2991	Q18608871,Q19847637,Q22984545
P2990	Q18608871,Q19847637,Q22984545
P2993	Q21027105,Q21294996
P2992	Q18618644,Q22963600
P2997	
P3469	Q28649030,Q19847637,Q22984545
P2519	Q27531381,Q18608871,Q19847637
P2518	Q27531381,Q18618644,Q19847637
P2515	Q18618644,Q27659414
P2514	Q18608993,Q18608871,Q27525351,Q19847637
P2517	Q18667213
P2516	Q27642681,Q19847637,Q19829914,Q24041622
P2511	Q18618644,Q19847637,Q27918607
P2510	Q18608993,Q18608871,Q27525351,Q19847637
P2513	Q18618644,Q19847637,Q27525351
P2512	Q18618644
P3431	Q18618644,Q19847637
P3868	Q27531381,Q18618644,Q19847637
P3869	Q27531381,Q18608871,Q19847637
P3430	Q18608993,Q18608871,Q19847637
P3862	Q18608871,Q19847637
P3863	Q18618644,Q19847637,Q22984363,Q19829914
P3860	Q22988603
P3861	Q18618644,Q22963600
P3866	Q24041622
P3433	Q22988603
P3864	Q22984494,Q19829914
P3865	Q18608359
P2191	Q18608871,Q19847637,Q27918607
P2190	Q18608871,Q19847637
P2193	Q18608871,Q19847637,Q22984545
P2192	Q20824104,Q19847637
P2195	Q18608871,Q19847637,Q22984545
P2194	Q18608871,Q19847637,Q27918607
P2197	Q21451178
P1128	Q18608993,Q21451178
P2199	Q21077852
P2198	
P1084	Q18618644,Q19847637,Q27918607
P3434	Q18618644,Q19847637
P2201	Q22981316
P2200	Q22981316
P2203	Q21294996
P1085	Q18618644,Q19847637,Q27918607
P2205	Q18618644,Q19847637,Q27525351
P2204	Q21294996
P2207	Q18618644,Q19847637,Q27525351
P2206	Q18618644,Q19847637,Q27525351
P2209	Q18618644,Q19847637,Q22963600
P2208	Q27531381,Q18618644
P3124	Q18608871,Q19847637
P2402	Q21451178
P2610	Q22981316,Q22963600
P2611	Q18608871,Q19847637
P2429	Q22582645
P589	Q22988631,Q22988651
P3914	Q18608993,Q19847637
P3915	Q18608871,Q19847637,Q22984545
P3912	
P3259	Q19847637
P3910	Q27531381,Q18608871,Q19847637
P1120	Q18608871,Q18668171,Q22964785
P2421	Q18608871,Q19847637
P2423	Q18608871,Q19847637,Q22984545
P2422	
P2425	Q18610173
P2424	Q19847637
P2427	Q18608993,Q19847637
P2426	Q22988603,Q19847637
P1644	Q19847637,Q22983697
P1645	Q22981316,Q19847637
P1646	Q22582645
P1647	Q22582645
P1640	Q18608993
P1088	Q22988651
P1642	Q18608871,Q22984545
P1643	Q18608871,Q22984545
P2619	Q18608993,Q19847637
P1648	Q18608871,Q19847637
P1649	Q27531381,Q18608871,Q19847637
P400	Q18618644,Q22963600
P402	Q19847637,Q19829914
P403	Q18615777,Q24041622,Q18647515
P404	Q18618644,Q22963600,Q22984545
P405	Q22988603,Q15720608
P406	Q18618644,Q27525351
P407	Q18618644,Q18616084
P408	Q18618644,Q22963600
P409	Q18608871,Q19847637
P2735	Q18618644,Q19847637
P2734	Q18608871,Q19847637,Q27918607
P2737	
P2736	Q18608871,Q19847637
P2731	Q22984475,Q18608871,Q19847637
P2730	Q18608871,Q19847637,Q22984545
P2733	Q18618644,Q19847637
P2732	Q18608871,Q19847637,Q27918607
P2739	Q18618644
P2738	
P1291	Q18608871,Q19847637
P1420	Q22988603
P1421	Q22988603,Q19847637
P1422	Q18608871,Q19847637,Q27918607
P1423	
P1424	
P1425	Q22988603
P1427	Q18615777,Q22964785
P1428	Q19847637,Q27918607
P1429	Q18608871
P1358	Q18608993,Q18608871,Q15720608,Q22984545
P1359	Q18608993,Q18608871,Q22984545
P1352	Q18608993,Q18608871,Q22984545
P1353	Q21099935,Q15720608
P1350	Q18608993,Q18608871,Q22984545
P1351	Q18608993,Q18608871,Q15720608,Q22984545
P1356	Q18608993,Q18608871,Q22984545
P1357	Q18608993,Q18608871,Q22984545
P1354	Q18618644,Q15720608
P1355	Q18608993,Q18608871,Q22984545
P1833	
P3068	Q18608993,Q19847637
P3545	Q19847637
P790	Q15720608
P791	Q18608993,Q19847637,Q19829914,Q21264328
P792	Q21099935,Q29575308
P793	
P794	Q15720608
P795	Q21077852
P796	Q15720608
P797	Q18608993,Q22997934
P798	Q21264328
P799	Q22984363
P1984	Q18618644,Q19847637
P1919	Q18608993,Q19847637,Q22984450
P229	Q18608993,Q19847637,Q22984363
P3733	Q18608871,Q27525351,Q19847637
P220	Q20824104,Q19847637
P221	Q20824104,Q19847637
P223	Q22981316
P225	Q22988603,Q21099935
P227	Q19847637
P2541	Q18608993
P2673	Q22984363,Q19829914
P3842	
P2684	Q27531381,Q18618644
P134	Q20824104,Q18616084
P135	Q18608993,Q18608871,Q18618644
P136	Q18608871,Q18618644
P137	Q30025373
P131	Q18615777,Q18647519,Q18647515
P3544	Q18608871,Q19847637,Q27918607
P3843	Q18608871,Q19847637,Q22984545
P138	Q19643892
P1853	Q18608871
P2687	Q18618644,Q19847637
P3228	Q22988631,Q21099935
P2899	
P2894	
P3678	Q18608871,Q19847637,Q22984545
P2686	Q18608993,Q18608871,Q22984475,Q19847637
P2895	Q22969167
P2896	
P3679	Q21451178
P2233	Q21077852
P3673	Q27531381,Q18618644,Q19847637
P3549	Q18608993,Q19847637
P3671	Q18608871,Q19847637,Q22984545
P3670	Q18608871,Q19847637,Q22984545
P3677	Q18608871,Q19847637,Q22984545
P3676	Q18618644,Q19847637,Q19829914,Q22984363
P3675	Q18618644,Q19847637
P3548	Q18608993,Q19847637
P2681	Q18618644,Q27918607
P2892	Q19887775,Q19847637
P3672	Q18608871,Q19847637,Q22984545
P880	Q22963600
P2893	Q24262056
P881	Q22981316
P2069	Q21077852
P2147	Q22981316
P2144	Q21077852
P2674	Q22984363,Q19829914
P2859	Q29887391,Q21099935
P3583	Q19847637,Q22984545
P2413	Q18618644,Q19847637,Q27659414
P3585	Q18608871,Q19847637,Q22984545
P3584	Q18608871,Q19847637,Q22984545
P3587	
P3586	Q18618644,Q19847637,Q19829914,Q22984545
P2850	Q18608993,Q18608871,Q27525351,Q19847637
P2414	Q21294996
P2852	
P2853	Q24262056
P2854	Q19887775
P2855	Q24710760,Q21451178
P2856	Q19847637,Q21264328,Q24041622
P2415	Q18608871,Q22984545
P3071	Q21077852,Q21294996
P3070	Q21077852,Q21294996
P3073	Q19847637,Q21294996
P3072	Q22984475,Q18608871,Q19847637
P3075	Q22997934
P2416	Q18608871,Q22984545
P3077	Q27531381,Q18618644,Q19847637
P3076	Q19847637,Q21294996
P1239	Q18608993
P2417	Q22984545
P2683	Q18618644,Q19847637
P760	Q19847637
P2061	Q18618644
P4078	
P4079	Q19829914
P364	Q18618644,Q18616084
P2060	Q21077852
P4074	Q18608871,Q19847637,Q22984545
P4075	Q19847637,Q19829914
P4076	Q18608871,Q19847637,Q22984545
P4077	
P4070	
P2791	Q21077852
P4072	Q18618644,Q19847637,Q27525351
P4073	Q18608993,Q19847637
P3848	Q18608871,Q19847637,Q22984545
P2790	Q21027105,Q22984363
P2797	Q21077852
P2682	Q18618644,Q27918607
P2796	Q19847637
P3794	Q19847637
P2795	Q18615777,Q24262056
P2149	Q21077852,Q22963600
P3849	Q18608993,Q19847637
P3299	Q18608871,Q19847637,Q22984450
P3298	Q22984475,Q18608871,Q19847637
P3827	Q19847637
P3295	
P3294	Q15720608
P3297	Q22984475,Q18608871,Q19847637
P3296	Q27642681
P3291	Q19887775
P3290	Q22984475,Q18608871,Q19847637
P3293	Q18618644,Q19847637,Q27918607
P3292	Q19887775
P3453	Q19847637
P3452	Q18608359
P2988	Q19847637
P2989	Q20824104
P3109	Q19847637,Q19829914,Q22988651
P3108	Q19847637,Q19829914,Q22984545
P3455	Q19847637
P3454	Q19847637
P2982	Q19847637,Q22984363
P2983	Q18608993,Q19847637,Q22997934
P2980	Q19847637,Q22984363,Q19829914
P2981	Q19847637,Q22984363
P2986	Q19847637,Q22984363
P2987	Q18608871,Q19847637,Q22984545
P2984	Q19847637
P2985	Q22984475,Q18608871,Q19847637
P3857	Q27531381,Q18608871,Q19847637
P3856	Q19847637,Q19829914
P3855	Q18618644,Q19847637,Q27918607
P3854	Q27525351
P3853	Q22988603
P3852	Q22988603
P2508	Q27531381,Q18618644,Q19847637
P2509	Q27531381,Q18618644,Q19847637
P2506	Q19847637,Q19829914
P2507	Q18618644
P2504	Q19847637,Q19829914
P2505	Q19829914,Q22984363
P2502	Q22984545,Q22964785
P2503	Q19847637,Q19829914
P2500	Q22984545,Q22964785
P2501	Q22984545,Q22964785
P2182	Q22984475,Q18608871,Q19847637
P2183	Q21099935,Q19643892,Q18616084,Q15720608
P2180	Q18608871,Q19847637
P2181	Q22984475,Q18608871,Q19847637
P2186	Q19847637,Q19829914,Q21264328
P2187	Q18618644,Q19847637
P2184	
P2185	Q18618644,Q19847637
P2188	Q18608871,Q19847637,Q27918607
P2189	Q18608993,Q19847637
P2212	
P2213	Q22981316
P2210	Q15720608
P2211	Q22981316,Q21077852
P2216	Q22981316,Q21077852
P2217	Q21077852
P2214	Q22981316
P2215	Q22981316
P2218	Q18608871,Q21451178
P2219	Q21451178
P1749	Q22984475,Q18608871,Q19847637
P1748	Q19887775,Q19847637
P1745	Q22988603,Q19847637
P1744	Q22988603
P1747	Q22988603
P1746	Q22988603
P1741	Q19847637
P1740	Q18667213
P1743	Q22988603
P3923	Q18608871,Q19847637,Q22984545
P3922	Q22984363,Q19829914
P2438	Q18618644
P2439	Q18616084
P3927	Q18608871,Q19847637,Q22984545
P3926	Q18608871,Q19847637,Q22984545
P3925	Q18608871,Q19847637,Q22984545
P3924	Q18608871,Q28649030,Q19847637,Q22984545
P2432	Q18608871,Q19847637,Q27918607
P2433	Q22988603
P2430	Q21077852
P2431	Q18608871,Q19847637,Q27918607
P2436	Q15720608
P2437	Q18618644
P2434	Q22988603
P2435	Q27531381,Q18608871,Q19847637
P2858	Q18618644,Q19847637,Q22963600,Q22984545
P3479	Q19847637
P3580	Q19847637,Q19829914
P1631	Q18608871,Q19847637
P1630	Q22582645,Q21099935
P1985	Q19847637,Q27531381,Q18618644
P1632	Q22988651
P1635	Q18608871,Q19643892,Q22983697
P1982	Q18608871,Q19847637
P1637	Q22963600
P1636	Q18608871,Q18668171,Q22983697,Q22964785
P1639	Q18618644,Q27918607
P1638	Q18618644
P1989	Q18608871,Q27525351,Q19847637
P1988	Q18608871,Q19847637,Q27918607
P413	Q18608871,Q22984545
P1568	Q22988631
P1299	
P410	Q18608993,Q18608871
P417	Q22983697
P416	Q21099935
P415	Q18618644
P414	Q18608993,Q21451178
P1561	Q22964785
P1560	Q18647518,Q19643892
P1563	Q22988631,Q19847637,Q18608871
P1562	Q27531381,Q18618644,Q19847637
P1565	Q19847637
P1296	Q19847637
P1567	Q19847637,Q19829914
P1566	Q19847637,Q19829914
P2726	Q18608871,Q19847637,Q22984545
P2727	Q18608871,Q19847637,Q22984545
P2724	Q18618644,Q19847637,Q27525351
P2725	Q18618644,Q22963600,Q22984545
P2722	Q18608871,Q27525351,Q19847637
P2723	Q18618644,Q19847637,Q27525351
P2671	Q19847637
P2721	Q18618644,Q19847637,Q27525351
P2728	Q18608871,Q19847637,Q22984545
P2729	Q18608871,Q19847637,Q22984545
P1189	Q19847637
P1188	Q19847637,Q19829914
P1187	Q18608871,Q19847637
P1186	Q18608871,Q19847637
P1185	Q18608871,Q19847637
P1184	Q18618644,Q19847637
P1183	Q19847637,Q21264328,Q24041622
P1182	Q18618644,Q19847637,Q27918607
P1181	Q22988631
P2521	Q28649030
P1367	Q18608871,Q19847637,Q27918607
P1366	Q15720608
P1365	Q15720608
P1364	Q18608871,Q19847637,Q22984545
P1363	Q22984545,Q22964785
P1362	Q19847637
P1360	Q22981316
P1369	Q19847637
P1368	Q18608871,Q19847637
P1165	Q18618644
P1164	Q22988631
P1167	Q18608993,Q19847637
P1161	Q18618644,Q19847637
P1160	Q18618644
P1163	Q18618644
P1162	Q18618644,Q19847637
P306	Q18618644,Q22963600
P305	Q20824104,Q19847637
P304	Q21099935
P303	Q19847637
P1168	Q19847637,Q19829914
P301	Q18667213
P300	Q19847637,Q19829914
P1966	Q19847637
P1961	Q18608993
P1960	Q18608871,Q19847637
P783	Q22988603
P782	Q19847637,Q19829914
P781	Q18608871,Q19847637,Q27918607
P780	Q19887775
P787	Q22988603
P786	Q22988603
P785	Q22988603
P784	Q22988603
P789	Q22988603,Q23038310
P788	Q22988603
P3172	Q18608871,Q19847637
P2667	
P4028	Q18618644,Q19847637
P3883	Q18608871,Q19847637,Q22984545
P2666	Q18618644,Q19847637
P2665	Q23038310,Q24710760,Q21294996
P2664	Q21451178
P534	Q22988651
P535	Q18608871,Q19847637
P239	Q18618644,Q19847637,Q19829914
P238	Q19847637,Q19829914,Q22984363
P2661	Q21451178
P233	Q21099935,Q19847637,Q21294996
P232	Q19847637,Q21294996
P231	Q19847637,Q21294996
P230	Q18608993,Q19847637,Q22984363
P237	Q18608993,Q22997934
P236	Q18618644,Q19847637
P235	Q19847637,Q21294996
P234	Q19847637,Q21294996
P1464	Q18608871,Q18668171,Q18667213,Q19829914,Q22964785
P1465	Q18608871,Q18668171,Q18667213,Q19829914,Q22964785
P433	Q21099935,Q29575308
P432	Q18608993,Q22984363
P435	Q18618644,Q19847637,Q27525351
P2677	Q18618644,Q27918607,Q15720608
P434	Q18608993,Q18608871,Q19847637
P437	Q18618644
P436	Q18618644,Q19847637,Q27525351
P127	Q18608993,Q30025373
P126	Q30025373
P123	Q18618644,Q27918607,Q22963600
P122	Q22984475,Q22997934
P121	
P129	
P128	Q22988603
P3224	Q19847637
P3194	Q27531381
P3664	Q18608871,Q19847637,Q22984545
P3225	Q18608993,Q19847637,Q21451178
P3666	Q18608871,Q19847637,Q22984545
P3195	Q22984545,Q22964785
P3660	Q18608871,Q19847637,Q22984545
P3661	Q18608871,Q19847637,Q22984545
P3662	Q18608871,Q19847637,Q22984545
P3663	Q18608871,Q19847637,Q22984545
P3668	Q18608871,Q19847637,Q22984545
P3669	Q18608871,Q19847637,Q22984545
P3193	Q18608993,Q19847637
P10	Q18610173
P14	Q18610173,Q26940804,Q22984363
P15	Q18610173,Q26940804,Q22984363
P16	Q22984363
P17	Q19829914,Q26935994
P18	Q18610173,Q26940804,Q26935994
P19	Q26935994,Q18608871,Q18668171,Q18615777,Q22964785
P3968	Q19847637,Q18618644,Q22984026
P3432	Q22988603
P3592	Q22981316
P3593	Q27531381,Q18618644,Q19847637
P3590	Q22582645
P3591	Q22988603,Q19847637
P3596	Q19847637
P3198	Q19847637,Q19829914
P3594	Q19847637
P3595	Q18608871,Q19847637
P3598	Q18608871,Q19847637,Q22984545
P3199	Q18608993,Q19847637
P4027	Q18618644,Q19847637,Q27525351
P3063	Q22988603
P3060	Q22988603,Q19847637
P3061	Q18608993,Q19847637
P3066	Q18608993,Q19847637
P3067	Q19847637,Q19829914
P3064	Q22988603,Q19847637
P3065	Q19847637
P3435	Q18608993,Q18608871,Q27525351,Q19847637
P2742	Q19847637,Q22988651
P3069	Q18608993,Q18618644,Q19847637,Q22997934
P4009	
P4008	
P4001	Q27642681
P4000	Q22988603
P4003	Q19847637
P4002	Q24041622
P4005	
P4004	Q18610173,Q26940804
P4007	Q18608993,Q19847637,Q19829914
P4006	Q22984026
P2743	Q22988603,Q18647518
P3437	Q22984363
P3288	Q22988603,Q19847637
P3289	Q22988603,Q19847637
P3286	Q18608871,Q19847637,Q22984545
P3284	Q18608871,Q19847637
P3285	Q22988631,Q19847637
P3283	Q18608993,Q18608871,Q27525351,Q19847637
P3280	Q18608871,Q19847637,Q27918607
P3281	Q18608993,Q18608871,Q22984475,Q19847637
P3448	Q18608871
P3449	Q19847637
P3118	Q19847637,Q19829914
P3119	Q19847637,Q19829914
P3116	Q18618644,Q19847637
P3117	Q19847637,Q21294996
P3114	Q27531381,Q18608871,Q19847637
P3115	Q18608993,Q19847637
P3112	Q18618644,Q19847637,Q22963600
P3113	
P3110	Q27531381,Q18618644,Q19847637
P3111	Q18608871,Q19847637,Q22984545
P3840	Q19829914,Q22984545
P3841	Q19887775
P2539	Q18618644,Q19847637,Q27918607
P2538	Q18608871,Q19847637,Q27918607
P3844	Q27531381,Q18618644,Q19847637
P3845	Q27531381,Q18608871,Q19847637
P3846	Q18608871,Q19847637
P3847	Q19847637
P2533	Q18608871,Q28649030,Q19847637,Q27918607
P2532	Q21077852,Q22969167
P2531	Q18608993,Q27531381,Q19847637
P2530	Q27531381,Q19847637
P2537	Q18618644,Q22963600
P2536	Q18720640
P2535	Q22988631,Q18720640
P2534	Q22988631
P2883	Q27531381,Q18618644,Q19847637
P2882	Q22984545,Q22964785
P2881	Q22984545,Q22964785
P2880	Q18618644,Q19847637
P2887	
P2886	Q18608871,Q19847637,Q27918607
P2229	Q21077852
P2228	Q21077852
P2227	Q21077852
P2226	Q21451178
P2225	Q24041622
P2224	Q22981316,Q21294996
P2223	Q22981316
P2222	Q22981316
P2221	Q22981316
P2220	Q21451178
P2155	Q22988651
P2154	Q21077852
P2157	Q22963600
P2156	Q22988651
P2151	Q21077852
P2150	Q21077852,Q22963600
P2153	Q19847637,Q21294996
P2152	Q18647518
P1754	Q18667213
P1755	Q19847637,Q22984363
P1752	
P1753	Q18667213
P1750	Q22983697
P1751	Q19847637,Q27918607
P3938	Q15720608
P3939	Q18618644,Q19847637,Q27918607
P3934	
P3935	Q22984475,Q18608871,Q19847637
P3936	Q18608871,Q19847637,Q22984545
P2822	
P3930	Q18608871,Q19847637,Q22984545
P3931	Q18618644,Q27918607
P2748	Q19847637
P3933	Q19847637,Q27531381,Q18608871,Q18618644
P3451	Q18610173,Q26940804
P1622	Q22984363
P1991	Q22988603
P1620	Q22984026
P1621	Q18610173,Q26940804,Q19829914
P1626	Q19847637
P1627	Q20824104,Q19847637
P1624	Q18618644,Q19847637,Q22984363,Q19829914
P1625	Q18618644,Q27525351
P1998	Q18608993,Q22984545
P1999	Q20824104
P1628	Q28100549,Q22582645
P1629	Q22582645
P2087	Q18608871,Q19847637
P2086	Q19847637,Q21294996
P2085	Q19847637,Q21294996
P2084	Q19847637,Q21294996
P1578	Q19847637,Q21294996
P1579	Q21294996
P938	Q22988603,Q19847637
P939	Q19847637,Q19829914
P428	Q18608871
P429	Q19847637,Q19829914
P426	Q19847637,Q22984363,Q21264328
P427	Q22988603
P424	Q20824104,Q19847637,Q18616084
P425	Q24043375
P1576	
P423	Q18608871,Q22984545
P932	Q18618644,Q19847637
P421	Q18668171,Q19829914,Q26935994
P2713	Q18610173,Q26940804
P2712	Q19887775,Q21077852,Q21294996
P2710	Q19887775,Q21077852,Q21294996
P2717	Q19887775,Q21077852,Q21294996
P2716	Q18610173,Q26940804
P2715	Q22984475,Q15720608
P3104	Q18618644,Q19847637,Q19829914,Q22984363
P2719	Q21099935,Q15720608
P2718	Q19887775,Q21077852,Q21294996
P3107	Q27531381,Q18618644,Q19847637
P3882	Q18608871,Q28649030,Q19847637,Q22984545
P3859	Q19847637
P3106	Q19847637
P2410	Q22988603
P1847	Q18608871,Q19847637,Q27918607
P2411	Q18618644,Q19847637,Q27918607
P990	Q18608871,Q18610173,Q26935994
P3100	Q22988603
P1198	Q21451178
P1199	Q19887775
P1269	
P3103	Q20824104
P1190	Q18618644,Q19847637
P1191	Q18668171,Q18618644,Q27525351
P1192	Q22984363
P1193	Q19887775,Q22984494
P1194	Q28104992
P1195	Q21264328
P1196	Q18608871,Q18668171,Q22964785
P1370	Q19847637,Q19829914
P1371	Q19847637
P688	Q19887775
P689	Q19887775
P1375	Q19847637
P1376	Q18615777
P1377	Q22984363
P1378	Q22984363
P683	Q19847637,Q21294996
P680	Q22988603
P681	Q22988603
P686	Q19847637
P687	Q22988603,Q19847637
P684	
P685	Q22988603,Q19847637
P444	Q18618644,Q21099935
P1174	Q19829914
P1172	Q19847637,Q19829914
P1170	Q28104992
P1171	Q22988631
P998	Q19847637
P2412	Q18608871,Q27659414,Q19847637
P1261	Q19847637
P3851	Q27531381,Q18618644,Q19847637
P440	Q19847637,Q19829914
P3850	Q19847637,Q19829914
P1284	Q18608993,Q18608871,Q19847637
P1285	Q18608993,Q18608871,Q19847637,Q22984545
P1286	Q18608993,Q18608871,Q27525351,Q19847637
P1287	Q18608871,Q27525351,Q19847637
P1280	Q18608871,Q19847637
P1281	Q19847637,Q19829914
P1282	Q19847637,Q19829914
P1283	Q18608871
P443	Q18610173
P1288	Q18608871,Q19847637
P1289	Q19847637
P3102	Q22988603,Q19847637
P3932	Q18608871,Q19847637
P206	Q18615777
P207	Q18610173,Q26940804,Q24041622
P756	Q18618644,Q22963600
P205	
P750	Q18618644
P751	Q18618644,Q22963600
P200	Q24041622
P201	Q24041622
P3858	Q22984363
P758	Q19847637
P759	Q19847637
P208	Q22997934
P209	Q22984026,Q22997934
P2662	Q21451178
P112	Q18608993
P113	Q18608993,Q18615777,Q22984363
P110	Q18618644,Q27918607
P111	Q21077852
P117	Q18610173,Q26940804
P114	Q18608993,Q22984363
P115	Q18608993,Q19829914,Q22984545
P118	Q18608993,Q22984545
P119	Q18608871,Q18668171,Q22983697,Q18615777,Q22964785
P1817	
P1816	Q18608871,Q19847637,Q27918607
P2660	Q22988651
P1811	Q18618644
P1810	Q21099935,Q15720608
P3889	Q18618644,Q19847637
P3234	Q18608993,Q19847637
P1813	Q19643892
P3611	Q19847637
P3610	Q22984363
P3613	Q27642681,Q19847637
P3612	Q19847637
P2418	Q18608871,Q19847637
P3614	Q19847637
P459	Q15720608
P3616	Q19847637,Q19829914
P3619	Q18608871,Q19847637,Q22984545
P3618	Q21451178
P3691	Q18608871,Q19847637,Q22984545
P1937	Q18608993,Q19847637,Q19829914,Q22997934
P25	Q18608871,Q28649030
P27	Q18608871
P26	Q18608871,Q18647518,Q26935994
P21	Q18608871,Q26935994
P20	Q26935994,Q18608871,Q18668171,Q18615777,Q22964785
P22	Q18608871,Q26935994
P3690	Q18608871,Q19847637,Q22984545
P3074	Q19847637
P4055	Q19847637,Q22984363,Q19829914
P3729	
P3728	Q19847637,Q19829914
P3059	Q18618644,Q19847637,Q19829914
P3058	Q18608871,Q19847637,Q27918607
P3057	Q18608993,Q19847637
P3056	Q27531381,Q18608871,Q19847637
P3055	Q22984475,Q18608871,Q19847637
P3054	Q22984475,Q18608871,Q19847637
P3053	Q18608871,Q19847637,Q22984545
P3052	Q18608871,Q19847637
P3051	Q18608871,Q19847637
P3050	Q18608871,Q19847637,Q22984545
P4018	
P4019	Q18608871,Q19847637,Q22984545
P4012	Q18608871,Q19847637
P4013	Q18608993,Q18608871,Q19847637
P4010	Q22984494,Q19829914,Q21451178
P4011	Q18618644,Q19847637
P4016	Q18608993,Q18608871,Q19847637
P4017	Q18608993,Q18608871,Q19847637
P4014	Q19847637,Q19829914
P4015	Q18608993,Q18608871,Q19847637
P3201	Q19887775,Q19847637
P2755	Q27531381,Q18618644
P412	Q18608871,Q27525351
P668	Q19887775
P669	Q18615777,Q22984363,Q26935994
P745	Q18608993,Q18608871,Q18618644,Q19847637
P3439	Q22963600
P3438	Q18608871,Q22984363
P3129	Q27531381,Q18618644,Q19847637
P199	Q18608993,Q21451178
P3654	Q18608871,Q19847637,Q22984545
P3123	Q19847637
P3122	Q18608871,Q19847637
P3121	Q18618644,Q19847637
P3120	Q19847637,Q19829914
P3127	Q18618644,Q19847637
P3126	Q18608871,Q19847637
P411	Q18608871,Q22983697
P214	Q18608993,Q18608871,Q19847637
P3656	Q18608871,Q19847637,Q22984545
P217	Q18618644,Q21264328
P3651	Q18608871,Q19847637,Q22984545
P2669	Q18668171
P3650	Q27531381,Q18618644
P3697	Q18608871,Q19847637,Q22984545
P3442	Q18618644,Q22963600
P3653	Q18608871,Q19847637,Q22984545
P661	Q19847637,Q21294996
P3652	Q18608871,Q19847637,Q22984545
P662	Q22988603,Q19847637,Q21294996
P2668	Q22582645
P196	Q22981316
P197	Q22984363
P2238	Q18608993
P2239	Q19887775
P3547	Q18608871,Q19847637,Q22984545
P3546	Q18608871,Q22984545
P2898	
P194	Q22997934
P3542	Q18608871,Q19847637,Q22984545
P2230	Q21077852
P2231	Q21077852
P2232	Q21451178
P1319	Q15720608
P2234	Q21077852
P2235	Q28100549,Q22582645
P2236	Q28100549,Q22582645
P2237	Q22582645,Q21077852
P2146	Q28104992,Q22981316
P1851	Q22988631
P1769	Q19847637
P2145	Q21077852
P2142	Q18618644
P2143	Q22988603
P2140	Q21451178
P2141	Q21451178
P1763	Q27525351,Q19847637
P1762	Q27525351
P1761	Q22988603,Q19847637
P1760	Q19847637,Q22984363
P1766	Q18610173,Q26940804,Q19829914
P2148	Q21077852,Q15720608
P1764	Q19847637
P3949	Q22984545
P3948	Q18608871,Q19847637,Q22984545
P3941	Q19847637
P3940	Q18608871,Q19847637,Q22984545
P3943	Q19847637
P3942	Q18608871,Q19847637,Q22984545
P3945	Q19887775,Q18608871,Q19847637
P3944	Q22984026,Q19847637,Q22964785
P1850	Q19847637,Q19829914
P2094	
P2095	Q22984545
P2096	Q18618644,Q15720608
P2097	Q18608871,Q21077852
P2090	Q18608871,Q19847637,Q22984545
P2091	Q18608871,Q19847637,Q22984545
P2092	Q18618644,Q19847637
P2093	Q18618644,Q21099935
P2098	Q22997934
P2099	Q19847637,Q19829914
P2524	Q18608993,Q19847637,Q22984450
P2525	Q27642681,Q19847637,Q19829914
P2526	Q19847637,Q19829914
P2527	Q21077852,Q22988651
P1969	Q27531381,Q18608871,Q19847637
P1968	Q19847637,Q19829914,Q22984545
P1619	Q18668171
P1618	Q18608871,Q21099935,Q22984545
P1617	Q19847637
P1616	Q18608993,Q19847637
P1615	Q18608871,Q28649030,Q19847637,Q27918607
P1614	Q18608871,Q19847637
P1613	Q18608993
P1612	Q18610173
P1611	Q18608871
P1610	Q18618644
P439	Q19847637,Q19829914
P929	Q22964093
P928	Q19887775
P927	Q19887775
P926	Q19887775
P925	Q19887775
P924	Q19887775
P923	Q19887775
P922	Q22981316
P921	Q18618644
P920	Q19847637
P2708	Q28649030,Q19847637,Q22984545,Q22964785
P2709	Q18608871,Q28649030,Q19847637,Q22984545
P2704	Q27531381,Q18618644,Q19847637
P2705	Q18608871,Q19847637,Q22984545
P1852	Q18618644,Q19847637
P2700	Q15720608
P2701	Q15720608
P2702	
P2703	Q27531381,Q18618644,Q19847637
P3928	Q18608871,Q19847637,Q22984545
P3795	Q22988603,Q19847637
P3403	Q28100549,Q18615777,Q18647518
P981	Q19847637,Q19829914
P1389	
P1388	Q19847637,Q19829914
P1385	Q19847637
P1387	Q18608993
P1386	Q18608993,Q19847637,Q22984450
P1381	Q18618644,Q19847637,Q19829914,Q22984363
P1380	Q18618644,Q19847637,Q19829914,Q22984363
P1383	Q19829914
P1382	
P1143	Q18618644,Q19847637,Q27918607
P1142	Q22984475
P1141	
P1140	Q19847637,Q19829914
P1146	Q18608871,Q19847637,Q22984545
P1145	Q22981316
P1144	Q18618644,Q19847637,Q27918607
P1149	Q19847637
P1148	Q21294996
P980	Q19847637
P1547	Q18618644,Q22963600
P1546	
P1545	Q21264328,Q15720608
P1544	Q22984026,Q18618644,Q19847637
P1543	Q18608871,Q18610173,Q26940804
P1542	
P1541	Q18608871,Q19847637,Q22984545
P1540	Q22984494
P1819	Q18608871,Q19847637
P1818	Q18608871,Q19847637
P1549	Q19643892
P1548	Q19829914
P418	Q18608993,Q22997934
P747	Q18618644
P210	Q22984475
P213	Q19847637
P212	Q18618644,Q19847637,Q21264328,Q27918607
P215	Q22981316,Q21099935
P742	Q18608871,Q21099935,Q19643892
P741	Q18608871,Q22984545
P740	Q18608993,Q18615777,Q22964785
P219	Q20824104,Q19847637
P218	Q20824104,Q19847637
P749	Q18608993,Q21451178
P748	Q15720608
P1987	Q19847637
P1986	Q18608871,Q19847637
P695	Q19847637,Q21294996
P694	Q22988603
P697	Q22988603,Q15720608
P696	Q19887775
P691	Q19847637
P690	Q22988651
P693	Q22988651
P692	Q18610173,Q26940804
P1983	Q18608993,Q19847637
P699	Q19887775
P698	Q19887775
P2759	Q23038310,Q19847637
P3400	Q19847637
P1981	Q27531381,Q18618644
P3401	Q27642681,Q19847637
P2403	Q21451178
P1980	Q18608871,Q19847637
P3150	Q18608871,Q18668171,Q26935994,Q22964785
P3787	Q27531381,Q18618644,Q19847637
P3151	Q22988603
P3457	Q19887775
P3404	Q27659414,Q19847637
P2758	Q27531381,Q18618644
P3405	Q22988603
P109	Q18608871,Q18610173,Q26940804
P108	Q18608871,Q26935994
P3793	
P105	Q22988603
P2556	Q22963600
P106	Q18608871
P101	Q18608993,Q18608871
P103	Q18608871,Q26935994,Q18616084
P102	Q18608871
P3408	Q18608871,Q19847637,Q22984545
P3456	Q19847637,Q22984545
P2139	Q18608993,Q21451178
P3409	Q18608871,Q19847637
P2138	Q21451178
P3158	Q19829914
P1110	Q22984545,Q22964785
P3159	Q18608871,Q19847637
P1111	Q15720608,Q22984475,Q22964785
P828	Q28746712
P3602	Q22984475,Q22964785
P3603	Q18608993,Q18608871,Q19847637,Q27918607
P3600	Q19847637
P829	Q22988631,Q19847637
P3606	Q22988603
P3607	Q18618644,Q19847637,Q19829914,Q22984545
P3604	Q18608871,Q19847637,Q22984545
P3605	Q18608871,Q19847637,Q22984545
P1114	
P3608	Q18608993,Q21451178
P3609	Q27642681,Q19847637,Q19829914
P1113	Q18618644
P1115	Q19847637,Q19829914
P1116	Q19847637,Q19829914
P3391	Q22984475,Q18608871,Q19847637
P1117	Q21077852,Q21294996
P4054	Q18608993,Q18608871,Q19847637,Q22984545
P1293	Q19847637
P38	Q21451178
P39	Q18608871,Q26935994
P1292	Q18618644,Q19847637,Q27918607
P30	Q18615777
P31	Q28326730
P36	Q18615777
P37	Q18616084
P35	Q22984475,Q22997934
P3597	Q18618644,Q22963600
P1290	Q18608871
P1297	Q19847637
P3397	Q18608871,Q19847637,Q22983697
P1564	Q18608871,Q19847637,Q27918607
P1295	Q21077852
P1294	Q19847637
P3048	Q18608871,Q19847637,Q22984545
P3049	Q18608871,Q19847637,Q22984545
P4025	Q18608871,Q19847637,Q27918607
P4024	Q22988603,Q19847637
P4023	Q18608871,Q19847637,Q22984545
P4022	
P3738	Q22981316
P3739	Q22988603
P746	Q18608871,Q18668171,Q22964785
P3041	Q21077852
P3042	Q18608993,Q19847637,Q22984545
P3043	Q18608871,Q19847637,Q22984545
P3044	Q18608871,Q19847637,Q22984545
P3045	Q27531381,Q18608871,Q19847637
P3046	Q18608871,Q19847637,Q22984545
P3047	Q18608871,Q19847637,Q22984545
P4058	Q18608993,Q19887775
P4059	Q19847637,Q19829914
P2720	Q22582645,Q21099935
P3459	Q19847637
P2641	Q18608871,Q19847637,Q22984545
P2640	Q18608871,Q19847637,Q22984545
P2643	Q18608993,Q22984450
P3134	Q19847637,Q19829914,Q22984545
P3135	Q27531381,Q18618644,Q19847637
P3136	Q27531381,Q18608871,Q19847637
P2642	Q18608871,Q28649030,Q19847637,Q22984545
P744	Q22981316
P3131	Q18618644,Q19847637
P3132	Q18618644
P3133	Q19847637
P2955	Q22984545
P2645	Q21077852
P2957	Q21077852,Q22984363,Q22963600
P2956	Q22981316
P2951	Q19847637
P2950	Q19847637
P2953	Q18608871,Q19847637
P2952	Q19847637,Q22984363
P3428	Q27531381,Q18618644
P3429	Q18608993,Q18608871,Q19847637
P2647	Q18615777,Q15720608
P1828	Q19847637
P3422	Q19847637,Q19829914
P3423	Q19847637,Q19829914
P3420	Q22988603,Q19847637
P2646	Q19887775
P3426	Q19847637
P3427	Q18608871,Q19847637,Q22984545
P3424	Q19847637
P3425	Q27642681,Q19847637,Q19829914
P2397	Q19847637
P2396	Q22988631
P2394	Q22988603
P2393	
P2392	Q18608993,Q22984450
P2391	Q18608993,Q19847637
P2390	Q22984475
P2399	Q18608871,Q19847637,Q27918607
P2398	Q18608871,Q19847637,Q22984545
P3780	Q21294996
P3556	Q18608871,Q19847637,Q22984545
P3557	Q18608871,Q19847637,Q22984545
P3554	Q18608871,Q19847637,Q22984545
P3555	Q18618644,Q19847637,Q19829914,Q22984363
P1444	Q22964785
P3553	Q19847637
P2409	Q18618644,Q19847637
P3551	Q18608993,Q19847637
P3558	Q18608871,Q19847637,Q22984545
P3559	Q22963600
P2173	Q22984475,Q18608871,Q19847637
P2172	Q22984475,Q18608871,Q19847637
P2171	Q18608871,Q19847637
P2170	Q22984475,Q18608871,Q19847637
P2177	Q21077852
P2176	Q19887775
P2175	Q19887775
P2174	Q18608871,Q19847637,Q27918607
P1598	Q18608871,Q22983697
P2179	Q19847637
P2178	Q15720608
P3339	Q18608871,Q19847637,Q22984545
P3958	Q18608871,Q22984545
P3959	Q18618644,Q19847637
P3952	Q18608871,Q27525351,Q19847637
P3953	Q18608871,Q28649030,Q19847637,Q22984545
P3950	Q28100549
P3951	Q18618644,Q19847637,Q22988603
P3956	Q19887775,Q18608871,Q19847637
P3957	Q18608871,Q19847637,Q22984545
P3954	Q22984475,Q18608871,Q19847637
P3955	Q18608871,Q19847637,Q22984545
P2851	Q24262056
P3786	Q27531381,Q18608871,Q19847637
P1848	Q27642681,Q19847637
P1608	Q18618644,Q19847637,Q27918607
P1609	Q18618644,Q19847637
P2553	Q18618644,Q15720608
P1849	Q19829914
P2555	Q21451178,Q24262056
P2554	Q18618644
P1978	Q23038310,Q19847637,Q21294996
P1979	Q18608871,Q19847637
P1600	Q19847637
P1601	Q18608871,Q19847637
P1602	Q18608993,Q19847637,Q19829914,Q27918607
P1603	Q19887775
P1604	Q19887775
P1605	Q19887775
P1606	Q19887775
P1607	Q18608871,Q19847637
P918	Q24043375
P919	Q19847637,Q24043375
P958	Q21099935,Q29575308
P4038	Q19847637,Q22984363,Q19829914
P912	Q19829914
P913	
P910	Q18667213
P911	Q19847637
P916	Q18618644,Q22963600,Q22984545
P917	Q19847637
P914	Q18618644,Q22963600,Q22984545
P915	Q27531381,Q18615777,Q18618644,Q22964785
P2779	Q18608871,Q19847637,Q22984545
P2778	Q18608871,Q19847637,Q22984545
P3520	Q18608871,Q19847637,Q22984545
P1843	Q22988603
P2771	Q18608993,Q19847637,Q21451178
P2770	Q18608993,Q18608871,Q21451178
P2773	Q18608871,Q19847637,Q22984545
P2772	Q18608871,Q19847637,Q22984545
P2775	Q18608871,Q19847637,Q22984545
P1840	Q22984026,Q22964785
P2777	Q18608871,Q19847637,Q22984545
P2776	Q18608871,Q19847637,Q22984545
P1841	Q19847637,Q19829914
P952	Q24043375
P953	Q18618644
P1774	Q18618644,Q27918607,Q15720608
P1775	Q27918607,Q15720608
P1776	Q27918607,Q15720608
P1777	Q27918607,Q15720608
P1770	Q19847637
P1771	Q18608993,Q19847637,Q22984450
P1772	Q22988603,Q19847637
P1773	Q18618644,Q15720608
P1845	Q18618644,Q21264328,Q22963600
P1778	Q27918607,Q15720608
P1779	Q18618644,Q15720608
P350	Q18618644,Q19847637,Q27918607
P351	Q22988603,Q19847637
P352	Q19847637,Q21294996
P353	Q19847637
P354	Q19847637,Q21294996
P355	Q18608993,Q21451178
P1398	Q19829914
P1399	Q18608871,Q22984026
P1396	Q20824104,Q19847637
P359	Q19847637
P1394	Q20824104,Q19847637
P1395	Q19887775,Q19847637
P1392	Q18618644,Q19847637
P1393	Q18608871
P1390	Q22984545,Q22964785
P1391	Q22988603,Q19847637
P2605	Q27531381,Q18608871,Q19847637
P597	Q18608871,Q28649030,Q19847637,Q22984545
P594	Q19887775,Q19847637
P595	Q19887775,Q19847637,Q21294996
P1158	Q28104992,Q18615777,Q22984363,Q22964785
P1159	Q19847637
P590	Q19847637,Q19829914
P591	Q19847637,Q21294996
P1154	Q18618644,Q19847637
P1155	Q18608993,Q19847637
P1156	Q18608993,Q19847637
P1157	Q18608871,Q19847637
P1150	Q19847637
P1151	
P598	Q18608993,Q18608871
P1153	Q18608871,Q19847637
P3475	Q19847637
P4048	Q18608871,Q19847637,Q22984545
P3477	Q19847637
P1550	Q19887775
P1551	Q19847637
P1552	
P1553	Q18608993,Q18608871,Q27525351,Q19847637
P1554	Q19887775,Q19847637
P1555	Q19847637
P1556	Q22988631,Q19847637,Q18608871
P1557	
P1558	Q18618644,Q27525351
P1559	Q18608871,Q19643892
P1808	Q22984475,Q18608871,Q19847637
P1809	Q18618644
P772	Q19847637,Q19829914
P773	Q19847637,Q19829914
P770	Q19829914
P771	Q19847637,Q19829914
P776	Q19847637,Q19829914
P777	Q19847637,Q19829914
P774	Q19847637,Q19829914
P775	Q19847637,Q19829914
P778	Q22983697
P779	Q22983697
P627	Q22988603,Q19847637
P3788	Q18618644,Q19847637
P2663	Q21451178
P3467	Q19847637
P3478	Q18608993,Q18608871,Q27525351,Q19847637
P3573	Q18608871,Q19847637,Q22984545
P2520	Q22988603,Q27642681
P3970	
P3971	Q18608871,Q19847637
P3078	Q21077852,Q21294996
P3581	Q18608871,Q19847637,Q22984545
P178	Q18618644,Q22963600
P179	Q28326730,Q18618644
P3465	Q22988603
P170	Q18618644
P171	Q22988603
P172	Q18608871
P175	Q18618644,Q27525351
P176	
P177	Q22984363,Q19829914
P2522	Q18608993,Q18608871,Q22984545
P2115	Q19847637,Q21294996
P2897	Q27531381,Q18618644,Q19847637
P1106	Q18720640
P3639	Q19847637,Q19829914
P3638	Q19847637
P3637	Q19887775
P3636	Q22988603
P3635	Q19847637,Q19829914,Q22988651
P3634	Q18618644,Q19847637,Q27918607
P3633	Q19847637
P3632	Q19847637
P3631	Q18618644,Q19847637,Q27918607
P3630	Q18608871,Q19847637
P2289	Q19887775
P2288	Q19887775
P3582	Q18608871,Q19847637,Q22984545
P47	Q18615777,Q18647518
P41	Q18608993,Q18610173,Q26940804,Q22997934
P40	Q18608871
P3946	Q18608871,Q19847637
P3731	Q19847637,Q19829914
P2857	Q18608871,Q19847637,Q22984545
P4030	Q19847637
P682	Q22988603
P3709	Q18667213
P3708	Q18608871,Q19847637
P4034	Q18608993,Q18608871,Q27525351,Q19847637
P4035	Q18618644,Q19847637,Q27525351
P4036	Q21077852
P4037	Q19847637
P3703	Q18608993,Q18608871,Q27531381,Q19847637
P3702	Q18618644,Q19847637
P3701	Q22983697
P3130	Q19847637
P3707	Q24041622,Q19829914
P3706	Q18608871,Q19847637
P3705	Q18618644,Q19847637
P3704	Q27531381,Q18618644,Q19847637
P3145	Q19847637,Q27531381,Q18608871,Q18618644
P3657	Q18608871,Q19847637,Q22984545
P3093	
P3092	Q18618644
P3091	Q18608871,Q22984363
P3090	Q22984363
P2769	Q21451178
P3096	Q18615777
P3095	
P3094	Q19887775,Q28326461
P3099	Q22988603
P3098	Q19887775,Q18618644,Q19847637
P3141	Q27531381,Q18618644,Q19847637
P2928	
P3143	Q27531381,Q18618644,Q19847637
P3142	Q27531381,Q18608871,Q19847637
P1101	Q19829914
P3144	Q27531381,Q18608871,Q19847637
P2948	Q19847637
P2949	Q18608871,Q19847637
P2946	Q22988603,Q19847637
P3148	Q22984026
P2944	Q19887775,Q18608871,Q19847637
P2945	Q18608993,Q18608871,Q19847637
P2942	Q19847637
P2528	Q21077852,Q22988651
P2940	Q18608871,Q19847637
P2941	Q19887775,Q18608871,Q19847637
P3387	Q22988603
P3386	Q18618644,Q19847637,Q27918607
P3385	Q18608871,Q19847637,Q22984545
P3383	Q27531381,Q18618644,Q18610173
P3382	Q19847637
P3381	Q19847637
P3380	
P3389	Q18608871,Q19847637
P3388	Q18608871,Q19847637
P2380	Q18608871,Q19847637,Q27918607
P2381	Q18608871,Q19847637
P2382	Q19847637,Q19829914
P2383	Q18608871,Q19847637
P2384	Q22988631
P2385	Q18608871,Q19847637,Q27918607
P2386	Q21077852
P1830	
P2388	Q18608993
P2389	Q18608993
P3589	Q18618644,Q19847637
P2529	Q27531381,Q18618644,Q19847637
P3897	Q18608871,Q28649030,Q19847637,Q22984545
P3896	Q18610173,Q19829914
P3895	Q23038310,Q19847637
P3894	Q18618644,Q19847637
P1837	Q18618644,Q19847637,Q19829914
P3443	Q19847637
P3563	Q19847637,Q22984363,Q19829914
P3562	Q19847637,Q22984363,Q19829914
P3561	Q18608871,Q19847637,Q22984545
P3560	Q18608871,Q19847637,Q22984545
P3567	Q18608871,Q19847637,Q22984545
P3566	Q18608871,Q19847637,Q22984545
P3565	Q18608871,Q19847637,Q22984545
P3564	Q18608871,Q19847637,Q22984545
P3569	Q19847637
P3568	Q18608871,Q19847637,Q22984545
P3967	Q22984545,Q22964785
P3966	Q18618644,Q22963600
P3965	Q18608871,Q19847637,Q27918607
P3964	Q19847637
P2168	Q27531381,Q18608871,Q19847637
P2169	Q22984475,Q18608871,Q19847637
P3961	Q27531381,Q18618644,Q19847637
P3960	Q18608871,Q19847637
P2164	Q18608871,Q27525351,Q19847637
P2165	Q18608993,Q27525351,Q19847637
P2166	Q18608993,Q27525351,Q19847637
P2167	Q18608993,Q19847637,Q22997934
P2160	Q21077852
P2161	Q20824104,Q19847637
P2162	Q18608871,Q19847637,Q22984545
P2163	Q19847637
P4021	Q27531381,Q18618644
P3888	Q18608871,Q19847637,Q27918607
P4020	Q22981316
P3468	Q19847637
P2542	Q22988603,Q21077852,Q23038310
P3040	Q27525351,Q19847637
P1949	Q19847637
P1948	Q18618644,Q19847637
P2546	Q18618644
P2547	Q21077852,Q22964093
P2545	Q18608871,Q22984545
P1943	Q18610173,Q26940804,Q19829914
P1942	Q21099935,Q19643892,Q18616084
P2548	Q22988603
P1940	Q22988603,Q19847637
P1947	Q19847637,Q27918607
P1946	Q18608871,Q19847637
P1945	Q19829914,Q21264328
P1944	Q18610173,Q26940804,Q19829914
P3735	Q19847637,Q19829914
P1019	
P1018	Q20824104
P2756	Q27531381,Q18618644
P1015	Q18608871,Q19847637
P1014	Q19847637,Q27918607
P1017	Q18608871,Q19847637
P1016	Q22981316
P1011	Q15720608
P1010	Q19847637,Q19829914
P1013	Q15720608
P1012	Q15720608
P2768	Q18618644,Q19847637
P2754	Q18618644
P3730	
P2762	Q18618644,Q19847637,Q19829914
P2753	Q18608871,Q19847637
P2760	Q23038310,Q19847637
P2761	Q18618644,Q19847637
P2766	Q19847637
P2767	Q18608871,Q19847637,Q22984545
P2764	Q18608871,Q19847637,Q22984545
P2752	Q22988603,Q19847637
P3601	Q19847637,Q22984363,Q19829914
P1700	Q19847637
P1703	Q22988603
P1702	Q19847637
P1705	Q19643892,Q24262056
P1704	Q22988603
P1707	Q18608871,Q19847637,Q27918607
P1706	Q15720608
P1709	Q28100549
P1708	Q19847637
P2694	Q18608871,Q19847637,Q22984545
P2695	
P347	Q18618644,Q19847637,Q27918607
P345	Q19847637,Q27531381,Q18608871,Q18618644,Q21264328
P344	Q27531381,Q18618644,Q27918607
P2029	Q18608871,Q19847637
P349	Q19847637
P348	Q18618644,Q21099935,Q22963600
P2028	Q18608871,Q19847637
P1129	Q18608871,Q15720608,Q22984545
P580	Q18668171
P2614	Q27642681,Q19847637
P582	Q18668171
P585	Q18668171
P2613	Q18618644,Q19847637
P587	Q19847637,Q22984363
P586	Q18608871,Q19847637
P1121	Q21294996
P588	Q22963600
P1123	Q21077852
P1122	Q21077852
P1125	Q21451178
P1124	
P1127	Q21077852
P1126	Q21077852
P905	Q27531381,Q18618644,Q19847637
P1832	Q22988603,Q19847637
P1831	Q22984475
P906	Q18608871,Q19847637
P901	Q19847637,Q19829914
P1836	Q18608871,Q15720608,Q21099935,Q22984545
P902	Q19847637
P3901	Q18608871,Q19847637,Q27918607
P1839	Q19847637,Q22984475
P1838	Q19847637
P909	Q19847637,Q19829914
P908	Q18618644,Q22963600,Q22984545
P3900	Q18608871,Q19847637
P3890	Q19847637,Q21294996
P1235	Q18618644,Q19847637
P1234	Q18618644,Q19847637
P1237	Q27531381,Q18618644,Q19847637
P1236	Q18618644,Q19847637,Q27525351
P769	Q19887775
P768	Q18608871,Q15720608
P1233	Q18608871,Q19847637
P1232	Q20824104,Q19847637
P765	Q22984545,Q19829914,Q22964785
P764	Q19847637,Q19829914
P767	Q18618644
P761	Q19847637,Q19829914,Q24041622
P1238	Q18608871,Q19847637,Q22984545
P763	Q19847637
P762	Q19847637
P3909	Q18608871
P3908	Q18608871,Q19847637,Q22984545
P2559	Q22582645
P169	Q18608993,Q21451178
P3541	Q18608871,Q19847637,Q22984545
P163	Q18608993,Q22997934
P162	Q27531381,Q18618644,Q27525351
P161	Q27531381,Q18618644
P167	Q19829914
P166	Q18608993,Q18608871,Q18618644
P3450	Q22984545
P3628	Q19847637,Q19829914
P3629	Q18608871,Q18668171,Q22964785
P3620	Q18608871,Q19847637,Q22984545
P3621	Q18608871,Q19847637,Q22984545
P3622	Q18608871,Q19847637,Q22984545
P3623	Q18608871,Q19847637,Q22984545
P3624	
P3625	Q29887391,Q21099935
P3626	Q19847637,Q19829914
P3627	Q19847637,Q19829914
P58	Q18618644
P59	Q22981316
P54	Q18608871,Q26935994,Q22984545
P57	Q18618644
P50	Q18618644
P51	Q18610173
P53	Q18608871,Q26935994
P2558	Q18608871,Q19847637,Q27918607
P3714	Q18618644,Q19847637,Q19829914,Q22984545
P3715	Q22984545
P3716	Q18608871
P3137	Q18615777,Q22988651
P3710	Q19847637
P3711	Q18618644,Q19847637
P3712	
P3713	Q22582645,Q18667213
P2959	Q18647518
P3718	Q18608871,Q19847637
P3719	
P3575	Q18618644,Q22963600
P2954	Q18608993,Q19847637,Q21451178
P2083	Q19847637,Q21294996
P3088	Q22988603,Q19847637
P3089	Q18618644,Q19847637
P3084	Q27918607
P3085	Q22984545,Q22964785
P3086	Q22984363
P3087	Q18608993,Q21451178
P3080	Q18618644
P3081	Q22964785
P3082	Q22964785
P3083	Q22981316,Q19847637
P3152	Q18608993,Q23038310,Q19847637
P3153	Q18608993,Q19847637
P2979	Q22984363
P2978	Q22984363
P3156	Q18618644
P3157	Q21077852,Q22964785
P3154	Q18608871,Q19847637,Q27918607
P3155	Q18618644,Q19847637,Q27918607
P2973	Q18608871,Q19847637,Q27918607
P2972	Q18608871,Q19847637
P2971	Q22983697
P2970	Q27531381,Q18618644,Q19847637
P2977	Q18608871,Q19847637,Q27918607
P2976	Q19643892
P2975	Q22988603
P2974	Q22988603
P3390	Q19847637
P376	Q18615777,Q22981316
P3392	Q18608871,Q19847637
P3393	Q18608993,Q19847637
P3394	Q19847637,Q19829914,Q24041622
P1023	Q24043375
P3396	Q18618644,Q19847637,Q22983697,Q19829914
P377	Q28104992,Q19847637
P3398	Q19847637
P3399	Q19847637,Q22969167
P374	Q19847637,Q19829914
P3038	Q19847637
P375	Q28104992,Q22984363
P2379	Q18618644,Q22963600
P2378	
P2375	Q22981316
P2374	Q21294996
P2377	
P2376	Q22981316
P2371	Q23038310
P2370	Q21077852
P2373	Q18608871,Q27525351,Q19847637
P2372	Q19847637
P370	Q21099935,Q18720640
P371	Q18618644
P3789	Q18608993,Q18608871,Q19847637
P3421	Q18608871,Q19847637,Q27918607
P2621	Q27642681,Q19847637,Q19829914
P2620	Q19847637
P3578	Q22988603
P3579	Q19847637
P3574	Q18608871,Q19847637,Q22984545
P2627	Q18608993,Q19847637
P3576	Q18608871,Q19847637
P3577	Q18608871,Q19847637,Q22984545
P3570	Q22984026,Q18618644,Q19847637
P3571	Q18608871,Q19847637,Q22984545
P3572	Q18618644,Q19847637,Q19829914,Q22984545
P2626	Q27531381,Q18608871,Q19847637
P2119	Q21077852
P2118	Q21077852
P3972	
P3973	Q19847637
P3974	Q27642681,Q19847637,Q19829914
P3975	Q18608993
P3976	Q18618644,Q19847637,Q27918607
P3977	Q19847637,Q19829914
P3978	Q21294996
P3979	Q18608993,Q27531381,Q19847637,Q21451178
P2113	Q21077852,Q21294996
P2112	Q21077852,Q22984363,Q22963600
P195	Q28326730,Q18618644
P2114	Q21077852
P2117	Q21077852
P2116	Q21077852
P2082	Q18608993,Q19847637,Q19829914,Q22997934
P574	Q18668171,Q22988603,Q15720608
P575	Q18668171
P2281	Q18618644,Q19847637,Q27525351
P2280	Q22984475,Q18608871,Q19847637
P2283	
P2282	Q18618644,Q19847637,Q27918607
P2285	Q18668171,Q22981316
P2284	Q21451178
P2287	Q18608871,Q19847637
P2286	Q19887775
P1954	Q18618644,Q19847637,Q27525351
P1955	Q18608993,Q27525351,Q19847637,Q21451178
P1956	Q22984363
P1957	Q18618644
P1950	Q18608871,Q19643892
P1951	Q21451178
P1952	Q18608993,Q27525351,Q19847637
P1953	Q18608993,Q18608871,Q19847637
P1136	
P1958	Q19847637,Q19829914
P1959	Q18608871,Q19847637
P1137	
P3884	Q18608871,Q19847637,Q22984545
P3885	Q19887775,Q19847637
P3886	Q22964785
P3887	Q18608871,Q19847637
P3880	
P3881	Q18608871,Q19847637,Q22984545
P2579	
P2578	
P2577	Q22988631
P2576	Q22988603
P2575	Q22981316
P2574	Q18608871,Q19847637,Q22984545
P2573	Q22984494
P2572	Q18608993,Q18618644,Q22963600
P2571	Q22981316,Q15720608
P2025	Q18618644,Q19847637,Q19829914
P2024	Q22988603
P2027	Q19847637,Q21294996
P2026	Q22988603,Q19847637
P2021	Q18608871,Q22988631
P2020	Q18608871,Q19847637,Q22984545
P2751	Q19847637,Q22984545
P2750	Q18608871,Q19847637,Q27918607
P1006	Q18608871,Q19847637
P1007	Q18608993,Q18608871,Q19847637
P1004	Q27525351,Q19847637,Q19829914
P1005	Q19847637
P1002	Q22963600
P1003	Q18608993,Q18608871,Q19847637
P1000	Q18608871
P1001	Q15720608,Q22984026,Q22997934
P2595	Q19829914
P2597	Q22988603
P2596	
P2591	Q20824104
P2590	Q20824104,Q19847637
P2593	Q18608993,Q18608871,Q19847637,Q22984545
P2592	Q18608871,Q19847637
P2599	Q18618644,Q22963600
P2598	Q21264328
P4040	Q18608993,Q18608871,Q27525351
P1482	
P1483	Q19847637
P1480	Q15720608
P1481	Q19847637,Q19829914
P1712	Q19847637,Q27531381,Q18608871,Q18618644
P1713	Q22984475,Q18608871,Q19847637
P1710	Q18608871,Q19847637
P1711	Q18608993,Q18608871,Q19847637
P1716	Q21451178
P1717	Q19847637,Q19829914,Q24041622
P1714	Q18608871,Q19847637
P1715	Q19847637
P3920	Q18618644,Q19847637,Q22984363,Q19829914
P808	Q19847637
P809	Q27642681,Q19847637
P804	Q19847637,Q19829914
P805	Q15720608
P806	Q19847637,Q19829914
P807	Q18608993
P800	Q18608871
P373	Q18610173,Q18667213
P802	Q18608871,Q22984450
P803	Q18608871,Q22984450
P2623	Q18618644,Q19847637
P2622	Q18608993,Q19847637
P1138	Q18608871,Q19847637,Q27918607
P1139	Q19829914
P578	Q18720640
P579	Q22988651
P2625	Q18608871,Q19847637
P2624	Q18618644,Q19847637,Q27525351
P1132	Q22964785
P1133	Q19847637
P576	Q18608993,Q18668171,Q24262056
P577	Q18668171,Q18618644
P570	Q18608871,Q18668171,Q22964785
P571	Q18608993,Q18668171
P1135	Q15720608
P1437	Q22984026
P878	Q22984363
P970	Q19887775
P971	Q18667213
P972	Q15720608
P973	
P974	Q24041622
P1829	Q18618644,Q19847637,Q27525351
P1824	Q22984363,Q21264328
P1825	Q18608871,Q19847637,Q22984545
P1826	Q18608871,Q19847637,Q22984545
P1827	Q18618644,Q19847637,Q27525351
P1820	Q23038310
P1821	Q23038310
P1822	Q19847637
P1823	Q18618644,Q19847637,Q27918607
P718	Q19847637
P1227	Q22981316
P1225	Q19847637
P1222	Q18644427
P1220	Q18608871,Q19847637
P1221	Q22963600
P710	Q22964785
P711	Q22988651
P712	Q22988651
P713	Q22988651
P714	Q22988651
P715	Q19887775,Q19847637,Q21294996
P716	Q22981316
P717	Q19847637
P488	Q18608993
P489	Q21451178
P3665	Q18608871,Q19847637,Q22984545
P480	Q27531381,Q18618644,Q19847637
P481	Q19847637
P483	Q18615777,Q18618644,Q27525351
P484	Q19847637,Q22988651
P485	Q18608993
P486	Q19887775,Q22988603,Q19847637
P874	Q21294996,Q22984363
P3667	Q18608871,Q19847637,Q22984545
P1439	Q27531381,Q18618644,Q19847637
P1438	Q19847637
P156	
P157	Q18608871,Q18668171,Q22984026,Q22964785
P154	Q18608993,Q18610173,Q26940804,Q26935994
P652	Q19887775,Q23038310,Q19847637,Q21294996
P620	Q28104992,Q18668171
P621	Q28104992,Q18668171
P150	
P628	Q23038310,Q19847637,Q21294996
P629	Q28326730,Q18618644
P158	Q18608993,Q18610173,Q26940804,Q22997934
P159	Q18608993
P395	Q21264328
P396	Q18608871,Q19847637
P397	Q22981316
P393	Q18618644,Q21099935,Q27918607,Q22964785
P398	Q22981316
P399	Q22981316
P2321	Q22984545
P3741	Q22988603
P658	Q18618644,Q27525351
P3552	Q19847637
P3550	Q19887775,Q19847637,Q21294996
P3725	Q18608871,Q19847637,Q22984545
P3929	Q18618644,Q19847637,Q27918607
P3250	Q19847637
P3253	Q21077852
P61	Q18608871
P897	Q19847637
P3252	Q21077852
P65	Q18615777,Q22981316,Q22964785
P66	Q18608871,Q18615777
P69	Q18608871,Q22984450
P3256	Q19847637,Q19829914
P3761	
P3760	Q18608871,Q19847637,Q22984545
P3763	Q27525351,Q19847637
P3762	Q18608871,Q19847637
P3765	Q18608871,Q19847637,Q22984545
P3764	Q22984545,Q22964785
P3767	Q18608871,Q19847637,Q22984545
P3766	Q18608871,Q19847637,Q22984545
P3769	Q18608871,Q19847637,Q22984545
P3768	Q18618644,Q19847637,Q27918607
P3588	Q18608871,Q28649030,Q19847637,Q22984545
P2557	Q22963600
P2089	Q18608871,Q19847637
P2072	Q19847637,Q21294996
P2073	Q21077852,Q22963600
P898	Q21099935
P2070	Q18608871,Q19847637
P2071	Q18608871,Q19847637
P2076	Q21077852,Q15720608
P2088	Q18608993,Q19847637
P3717	Q19847637,Q21294996
P2077	Q21077852
P2964	Q22984475,Q22964785
P2965	Q19847637
P2966	Q18608993,Q18608871,Q19847637
P2967	Q19847637
P2960	Q18608359
P2074	Q19887775,Q19847637
P2962	Q22984545
P2963	Q18608871,Q19847637,Q27918607
P2075	Q21077852
P2968	Q19847637
P2969	Q18618644,Q19847637,Q27918607
P3169	Q19847637
P3168	Q19847637
P3167	Q19847637
P3166	Q19847637
P3165	Q19847637
P3163	Q18608993,Q19847637
P3162	Q18608993,Q18608871,Q27525351,Q19847637
P3161	Q20824104
P3160	Q22984475,Q18608871,Q19847637
P3810	Q27642681,Q19847637,Q19829914
P3368	Q18608871
P3365	Q19847637
P3364	Q21294996
P3367	Q27531381,Q18618644,Q19847637
P3366	Q27531381,Q18608871,Q19847637
P3361	Q18608871,Q19847637
P3360	Q18608871,Q19847637
P3363	Q18608871,Q19847637,Q22984545
P3362	Q18608993
P3185	Q18608993,Q18608871,Q19847637
P3184	Q18618644,Q19847637,Q27918607
P3187	Q18608871,Q19847637
P3186	Q22988603,Q19847637
P3181	Q18618644,Q19847637
P3180	Q18618644,Q19847637
P2368	Q18720640
P2369	Q18608871,Q19847637,Q22984545
P2366	Q18608871,Q19643892
P1815	Q18618644,Q19847637,Q27918607
P2364	Q18618644,Q21264328
P2365	Q18608871,Q19643892
P2362	Q21077852
P2363	Q27531381,Q18618644
P2360	Q18618644
P2361	
P487	Q21099935
P1814	Q19643892,Q21099935,Q18616084
P3509	Q19847637
P3501	Q22983697
P3500	Q18608993,Q19847637
P3503	Q19847637,Q19829914
P3502	Q18608871,Q19847637
P3505	Q18608871,Q22984545
P3504	Q18618644,Q19847637,Q27918607
P3507	Q19847637,Q19829914,Q22988651
P3506	Q22984545
P2108	Q18618644,Q19847637
P2109	Q22963600
P3229	Q22984475,Q18608871,Q19847637
P3988	Q18608993,Q18608871,Q19847637
P2102	Q21077852,Q21294996
P2103	Q18608993,Q22984545
P2100	Q19847637,Q19829914
P2101	Q21077852,Q21294996
P2106	Q19847637
P2107	Q21077852,Q21294996
P3983	
P2105	Q18608993,Q22984545
P2298	Q18608871,Q19847637
P2299	Q22984494,Q19829914,Q21451178
P2292	Q21451178
P2293	Q19887775
P2290	Q19847637,Q19829914
P2291	Q18618644,Q27525351
P2296	Q21451178
P2297	Q21451178
P2294	Q19829914,Q21451178
P2295	Q21451178
P1921	Q22582645,Q21099935
P1920	Q18618644,Q19847637,Q19829914
P1923	Q18608993,Q22984545,Q22964785
P1922	Q18618644
P1925	Q19887775
P1924	Q19887775
P1929	Q19887775
P1928	Q19887775,Q19847637
P2568	Q22984026
P3217	Q18608871,Q19847637
P3216	Q18618644
P3211	Q18618644,Q19847637,Q22984363,Q19829914
P3213	Q19847637,Q19829914
P3212	Q18618644,Q19847637
P2560	Q22963600
P2561	Q18608871,Q19643892
P2562	Q28649030,Q19643892
P2563	Q18618644
P2564	Q19829914,Q22969167
P2565	Q21077852,Q22969167
P2566	Q19847637,Q21294996
P2567	Q22984026
P2036	Q22988603
P2037	Q19847637
P1039	Q15720608
P1038	Q18608871,Q18647518,Q26935994
P2032	Q18608871,Q18668171
P2033	Q18667213,Q27918607
P2030	Q18608871,Q19847637
P2031	Q18608871,Q18668171
P1033	Q21294996
P1032	Q18618644,Q22963600
P1031	Q22984026,Q21264328
P1030	Q22984363,Q19829914
P1037	Q18608993
P1036	Q18618644,Q19847637
P1035	Q18608871
P1034	Q23038310
P2586	Q19847637,Q19829914
P2587	Q20824104
P2584	Q27642681,Q19847637,Q19829914,Q24041622
P2585	Q19847637,Q19829914
P2582	Q18618644,Q19847637
P2583	Q18668171,Q21077852,Q22981316
P2580	Q18608871,Q19847637
P2581	Q19847637
P1455	Q18608871
P2081	Q19847637,Q19829914
P2551	Q18618644
P3599	Q19847637
P3125	Q18608993
P2550	Q18618644,Q27525351
P3917	Q19847637
P2552	Q18618644,Q21099935
P1729	Q18618644,Q19847637,Q27525351
P1728	Q18608993,Q18608871,Q27525351,Q19847637
P1727	Q22988603,Q19847637
P1726	Q19847637,Q27918607
P1725	Q18618644,Q27525351
P1721	Q21099935,Q19643892,Q18616084,Q15720608
P369	Q18720640
P1454	Q18608993,Q22984026,Q21451178
P1457	Q22981316
P1456	Q19829914
P1451	
P1102	Q22988631
P1453	Q19847637,Q22983697
P1100	
P817	Q15720608
P816	Q22981316
P815	Q22988603,Q19847637
P814	Q27642681,Q19829914
P1459	Q18618644,Q19847637,Q19829914
P812	Q18608871,Q22984450
P1109	Q22981316
P1108	Q21294996
P1976	Q19847637,Q19829914
P2638	Q18608871,Q18618644,Q19847637
P2639	Q27531381,Q19847637,Q18608993,Q18608871,Q18618644
P569	Q18608871,Q18668171,Q26935994,Q22964785
P568	
P567	
P566	Q22988603
P565	Q22988651
P564	Q18608871,Q21099935,Q22984545
P563	Q19887775
P562	Q21451178
P561	
P560	Q15720608
P624	
P625	Q18615777,Q26935994,Q24262056
P1972	Q18618644,Q19847637
P626	Q18720640
P1973	Q18618644,Q19847637
P963	
P962	Q22988603,Q19847637
P1589	Q18615777
P960	Q22988603,Q19847637
P967	Q22964785
P966	Q18608993,Q27525351,Q19847637
P965	Q18608871,Q21264328
P964	Q19847637,Q19829914
P1583	Q19887775,Q19847637
P1582	
P1581	
P1580	Q18608871,Q19847637
P1587	Q19847637
P1586	Q19847637
P1585	Q19847637,Q19829914
P1584	Q19847637,Q19829914
P523	
P622	Q28104992,Q18668171
P522	Q28104992,Q22981316
P3726	Q18608871,Q19847637,Q22984545
P2672	Q18615777,Q19847637,Q19829914
P1213	Q18608871,Q19847637
P1212	Q18618644,Q19847637,Q27918607
P1211	Q22963600
P1210	Q22963600
P1217	Q18618644,Q19847637,Q19829914
P1216	Q19847637
P1215	Q22981316
P1214	Q18608871,Q19847637
P703	Q22988603
P702	Q19887775
P1219	Q18618644,Q19847637
P1218	Q18618644,Q19847637
P707	Q28104992
P706	Q18615777
P705	Q19847637
P704	Q19887775,Q19847637
P498	Q19847637
P3913	Q18608871,Q18618644,Q19847637,Q22963600,Q22984545
P2676	Q18618644,Q21264328,Q15720608
P3698	Q18608871,Q19847637,Q22984545
P493	Q19887775
P492	Q19887775,Q19847637
P491	Q18610173,Q26940804,Q22981316
P490	Q22981316
P497	Q18608871,Q19847637
P496	Q18608871,Q19847637
P495	Q18618644
P494	Q19887775
P2678	Q27531381,Q18618644,Q19847637
P3348	Q19847637
P2679	Q18618644,Q27918607
P528	Q18618644,Q21264328
P637	Q19887775
P636	Q19887775
P635	Q19847637,Q19829914
P634	Q18608993,Q22984545
P633	Q19847637
P632	Q19847637
P631	Q19829914
P630	Q19847637,Q19829914
P149	Q18618644
P3693	Q18608871,Q19847637,Q22984545
P639	Q19887775
P638	Q19887775,Q19847637
P2476	Q18608993,Q18608871,Q19847637,Q27918607
P3692	Q18608993,Q19847637,Q22984545
P382	Q19847637,Q19829914
P381	Q19847637
P380	Q19847637
P3695	Q18608871,Q19847637,Q22984545
P3694	Q18608871,Q19847637,Q22984545
P2685	Q18608871,Q19847637,Q22984545
P3696	Q18608871,Q19847637,Q22984545
P2473	Q18618644,Q19847637,Q19829914
P3721	Q21099935
P3458	Q19847637
P78	Q19829914
P2774	Q18608871,Q19847637,Q22984545
P2478	Q19847637,Q22964785
P2479	Q19847637
P3772	Q21294996
P3773	Q21294996
P3770	Q19847637,Q19829914,Q22988651
P3771	Q21294996
P3776	Q21294996
P3777	Q21294996
P3774	Q21294996
P3775	Q21294996
P3778	Q21294996
P3779	Q21294996
P3700	Q18608871,Q19847637,Q22984545
P2911	Q15720608,Q21077852,Q22984545
P2910	Q18610173,Q26940804
P2913	Q18668171,Q18618644
P2912	Q22984545
P2915	Q18608871,Q19847637,Q27918607
P2914	Q18608871,Q19847637,Q27918607
P2917	Q18618644,Q19847637,Q19829914
P2916	Q15720608
P2919	
P2918	Q26935994
P3178	Q19847637
P3179	Q28100549,Q18615777
P3170	Q19847637
P3171	Q18608993,Q18608871,Q19847637,Q22984545
P2629	Q27531381,Q18618644
P3173	
P3174	Q18618644
P3175	Q19847637,Q19829914
P3176	
P3177	Q19847637
P3918	Q18608993,Q19847637
P3378	Q19847637,Q21294996
P3379	Q18608871,Q27659414,Q19847637
P3376	Q18608993,Q19847637
P3377	Q18608993,Q19847637
P3374	Q18618644,Q22963600
P3375	Q18608993,Q19847637
P3372	Q18608871,Q19847637,Q27918607
P3373	Q18608871,Q26935994
P3370	Q19847637
P3371	Q18618644,Q19847637,Q22983697,Q19829914
P3196	Q22988651,Q19847637,Q22964785
P3197	Q18618644,Q19847637,Q19829914
P2359	Q18608871,Q19643892
P2358	Q18608871,Q19643892
P3192	Q27525351,Q19847637,Q18608993,Q18608871,Q18618644
P2782	Q18608993,Q27659414,Q19847637,Q21451178
P3190	Q19887775
P3191	Q18608871,Q19847637
P2353	
P2352	Q15720608
P2351	
P2350	Q18608871,Q19847637,Q22984545
P2357	Q19847637,Q22984450
P2355	Q20824104,Q19847637
P2354	Q22969221
P3919	Q18608871
P3522	Q18608871,Q19847637,Q22984545
P1573	Q18618644,Q19847637
P2829	Q18608871,Q19847637,Q22984545
P2828	Q18608993
P2825	Q18615777,Q22964785
P2788	Q19847637,Q19829914
P2827	Q22988603
P2826	Q27531381,Q18618644,Q19847637
P2821	
P2820	Q22988631
P2823	Q18608871,Q19847637,Q22984545
P2789	Q19887775,Q18647518,Q22984363
P3518	Q19847637
P3519	Q19847637,Q21294996
P3512	Q22988603,Q22984363
P3513	Q19847637,Q19829914,Q22988651
P3511	Q27525351,Q19847637
P3516	Q27642681,Q19847637,Q19829914
P3517	Q19847637,Q19829914
P3514	Q19847637,Q19829914,Q22988651
P3515	Q27642681,Q19847637,Q19829914
P299	Q19847637,Q19829914
P2835	Q21451178,Q15720608
P4029	Q19847637,Q19829914
P3998	Q19847637
P298	Q19847637,Q19829914
P3996	Q18618644,Q19847637,Q27525351
P3997	Q18608871,Q27525351,Q19847637
P3994	Q22984363
P3995	Q19847637,Q27531381,Q18608871,Q18618644
P3992	Q19847637,Q19829914
P3993	Q19847637,Q22984363,Q19829914
P3990	Q19847637,Q19829914
P3991	Q22984450
P3529	Q21451178
P3821	Q19847637,Q27531381,Q18608871,Q18618644
P3528	Q18618644,Q19847637,Q22984545
P1571	Q22988631
P1932	Q18618644,Q21099935,Q15720608
P1933	Q18618644,Q19847637,Q22963600,Q22984545
P1930	Q19887775
P1931	Q19847637,Q21294996
P1936	Q19847637,Q19829914
P356	Q19847637
P1934	Q27531381,Q18618644,Q19847637
P1935	Q18608871,Q19847637
P1938	Q18608871,Q19847637
P1939	Q22988603,Q19847637
P3206	Q18608993,Q19847637
P358	Q18608871,Q18618644,Q27525351
P3204	Q27531381,Q18608871,Q19847637
P3205	
P3202	Q22984450
P3203	Q27531381,Q18618644,Q19847637
P3200	Q18608993,Q19847637
P1397	Q19847637,Q19829914
P3208	Q22981316,Q19847637
P3209	Q22984363
P2003	Q18608993,Q18608871,Q19847637
P2002	Q18608993,Q18608871,Q19847637,Q24262056
P2001	Q21099935,Q19643892,Q18616084
P2000	Q18608871,Q18618644,Q19847637
P2007	Q18618644,Q19847637
P2006	Q18608871,Q19847637
P2005	Q18608871,Q19847637
P2004	Q19847637
P2009	Q21264328,Q27918607
P2008	Q18618644,Q19847637
P3444	Q22988603
P1259	Q18618644,Q18615777,Q27918607
P1330	Q27525351,Q19847637
P3445	Q27531381,Q19847637,Q18608993,Q18608871,Q18618644
P1577	Q18618644
P1258	Q19847637,Q27531381,Q18608871,Q18618644
P3446	Q18608871,Q19847637,Q22984545
P3447	
P2604	Q27531381,Q18608871,Q19847637
P3440	Q18618644,Q27525351
P2607	Q18608871,Q19847637,Q27918607
P3441	Q19847637,Q19829914,Q22984545
P1738	Q19847637,Q21294996
P1739	Q18618644,Q19847637,Q27918607
P2135	Q19829914,Q21451178
P2134	Q19829914,Q21451178
P1331	Q22984475,Q18608871,Q19847637
P2132	Q22984494,Q19829914,Q21451178
P2131	Q19829914,Q21451178
P2130	Q18618644,Q21451178
P1730	Q18618644,Q19847637,Q27525351
P1731	Q18608871,Q27525351
P1732	Q27642681,Q19847637,Q19829914
P1733	Q18618644,Q19847637,Q22963600,Q22984545
P1734	Q18668171
P1735	Q18608871
P1736	Q18608871,Q19847637,Q27918607
P988	Q19847637,Q19829914
P1446	Q22964785
P1447	Q18608871,Q19847637,Q22984545
P1112	Q18618644
P1445	Q18618644
P1442	Q18608871,Q18610173,Q26940804,Q18668171,Q22964785
P1443	Q15720608,Q22984545,Q22964785
P1440	Q18608871,Q19847637,Q22984545
P1441	Q18618644
P822	Q18608993,Q22984545
P823	Q22964785
P820	Q18618644
P821	Q19847637,Q19829914
P826	Q18618644,Q27525351
P827	Q18618644,Q19847637
P1448	Q19643892
P1449	Q18608993,Q18608871,Q19643892,Q26935994
P2649	Q22984545
P2648	Q19847637,Q22984545,Q22964785
P558	Q21099935
P559	Q22984363
P1575	Q18618644,Q19847637,Q27918607
P552	Q18608871
P553	Q18608993,Q18608871
P550	Q18608871
P551	Q18608871,Q18615777
P556	Q21294996
P557	Q19887775
P554	Q21264328,Q15720608
P555	Q18608871,Q21099935,Q22984545
P1594	Q22984026
P1595	Q22984026
P1596	Q18608871,Q22984026
P1590	Q18608871,Q18668171,Q22964785
P1591	Q22984026,Q22964785
P1592	Q22984026
P1593	Q22984026,Q22964785
P453	Q18618644,Q15720608
P458	Q19847637,Q22984363
P1599	Q18608871,Q19847637,Q22984450
P452	Q18608993,Q21451178
P1024	Q24043375
P1025	Q18618644,Q19847637,Q27918607
P1026	Q18608871,Q15720608
P1027	Q18608993
P1021	Q24043375
P1022	Q19847637,Q24043375
P959	Q22988603,Q19847637
P1842	Q18608871,Q19847637
P957	Q18618644,Q19847637,Q21264328,Q27918607
P954	Q19847637,Q22984363
P450	Q18608871
P1028	Q18618644,Q27918607
P1029	Q22984363
P950	Q19847637
P951	Q19847637
P736	Q18618644,Q27525351,Q27918607
P737	
P734	Q18608871,Q19643892,Q26935994
P735	Q18608871,Q19643892,Q26935994
P732	Q22988651
P733	Q22988651
P730	Q18668171
P731	Q19847637,Q22988651
P739	Q18608993
P1208	Q18618644,Q19847637,Q27525351
P1209	Q18618644,Q19847637
P1204	
P1207	Q19847637
P1200	Q24041622,Q18667213
P1201	Q28104992
P1202	Q28104992,Q22984363
P1203	Q19847637,Q19829914
P1402	Q19887775,Q19847637
P600	Q19847637
P606	Q18668171,Q22984363
P607	Q18608993,Q18608871
P604	Q19887775,Q19847637
P605	Q19847637,Q19829914
P1403	Q22988603
P608	Q18618644
P609	Q18615777,Q22984363
P1806	
P1807	Q19847637
P1804	Q27531381,Q18618644,Q19847637
P1802	Q18608871,Q19847637
P1803	Q18608871,Q19847637,Q22984450
P1800	Q19847637
P1801	Q18610173,Q26940804
P88	Q18618644
P2612	Q19847637
P824	Q19847637
P81	Q22984363,Q15720608
P87	Q18618644,Q27525351
P86	Q18618644,Q27525351
P85	Q18608993,Q18618644,Q27525351
P84	Q18618644
P825	Q18618644
P3749	Q19847637,Q19829914
P3748	Q18608871,Q19847637,Q22984545
P3747	Q18608871,Q19847637
P3746	Q22988603
P3745	Q18608871,Q19847637,Q22984545
P3744	Q21451178
P3743	Q19847637
P3742	Q18608871,Q19847637,Q22984545
P2961	Q18618644,Q19847637
P3740	Q15720608
P3233	Q18608871,Q19847637
P3232	Q18608871,Q19847637
P3231	Q18608871,Q18618644,Q19847637
P3230	Q19847637,Q19829914
P3237	Q18608871,Q19847637,Q22984450
P3236	Q18618644,Q19847637
P3235	Q19847637
P2884	Q24262056
P4071	Q18608993,Q18608871,Q27525351,Q19847637
P2903	Q19847637
P2900	Q24262056,Q21264328
P2907	Q24262056
P2904	Q18608993,Q19847637
P2905	Q18608993,Q19847637
P2908	Q18618644,Q19847637,Q27525351
P2909	Q18608993,Q18608871,Q27525351,Q19847637
P2889	Q18608871,Q19847637
P3395	Q22988603
P2888	Q28100549
P3416	Q15720608
P3649	Q18608871,Q19847637
P679	Q19847637
P3699	Q18608871,Q19847637,Q22984545
P3646	Q18608871,Q19847637,Q22984545
P3349	Q22984363
P678	Q15720608
P3647	Q18608871,Q19847637,Q22984545
P3343	Q22984026,Q18618644,Q19847637
P3342	
P3341	Q27531381,Q18608871,Q19847637
P3340	Q27531381,Q18618644,Q19847637
P3347	Q19847637
P3346	Q27531381,Q18608871,Q19847637
P3345	Q19887775,Q21294996
P3344	Q22984475,Q18608871,Q19847637
P2407	
P2406	
P3642	Q18608993,Q19847637
P2405	
P3643	Q24041622
P2404	Q21077852,Q21294996
P3640	Q19887775
P2018	Q18608871,Q19847637
P671	Q19847637
P2019	Q27531381,Q18608871,Q19847637
P3527	Q18608871,Q22984545
P3526	Q18608871,Q22984545
P3525	Q18608871,Q22984545
P3524	Q22988603
P3523	Q22988603
P2401	Q18608871,Q19847637
P2838	Q18608871
P2839	Q22988603
P2836	Q21451178,Q15720608
P2837	Q21027105
P2834	Q24710760,Q21451178
P2400	Q27531381,Q18618644,Q19847637
P2832	Q18608993,Q19847637
P2833	Q22988603
P2830	Q18608871,Q19847637,Q22984545
P2831	Q18608871,Q22983697
P2159	Q22988631,Q18618644
P3105	Q22988603,Q19847637
P2158	Q22988603,Q19847637
P2012	Q18608993,Q23038310
P2408	Q18618644
P3835	Q18608871,Q19847637
P1909	Q19887775
P1908	Q18608871,Q19847637
P1907	Q18608871,Q19847637
P1906	Q22984475,Q22997934
P1905	Q18608993,Q19847637
P1903	Q22964785,Q22988651
P1902	Q27525351,Q19847637,Q18608993,Q18608871,Q18618644
P1901	Q18608993,Q18608871,Q19847637,Q27918607
P1900	Q19847637
P2344	Q18618644,Q19847637,Q27918607
P2345	Q19847637,Q22964785
P2346	Q27531381,Q18618644,Q19847637
P2347	Q19847637
P2340	Q18608871,Q19847637
P2341	
P2342	Q18608993,Q18608871,Q19847637,Q27918607
P2343	Q18610173
P3238	Q19829914,Q21264328
P2348	
P2349	Q18608871,Q19847637,Q27918607
P1697	Q22984475,Q22964785
P1696	Q18647518,Q22582645
P1695	Q19847637
P1694	Q19887775
P1693	Q19887775
P1692	Q19887775
P1691	Q19887775
P1690	Q19887775
P2014	Q18618644,Q19847637,Q27918607
P2015	Q18608871,Q19847637
P2016	Q18608871,Q19847637,Q22984450
P2017	Q19847637,Q21294996
P2010	Q21264328,Q27918607
P2011	Q18608993,Q18608871,Q19847637
P1699	Q18618644,Q19847637,Q19829914
P2013	Q18608993,Q18608871,Q19847637,Q24262056
P2618	Q19847637,Q19829914
P3834	Q27531381,Q18618644
P3837	Q22984026
P3836	Q18608993,Q18608871,Q19847637
P3831	Q15720608
P3830	Q18608871,Q19847637,Q22984545
P3833	
P3832	Q27659414,Q19847637
P3839	Q18608871,Q27525351,Q19847637
P3838	Q18618644,Q19847637,Q27525351
P3139	Q27531381,Q18618644,Q19847637
P3937	Q22988603
P2120	Q21077852
P2121	
P2123	Q19847637,Q19829914
P2124	Q18608993
P2125	Q21099935,Q19643892,Q18616084,Q15720608
P2126	Q21099935,Q19643892,Q18616084,Q15720608
P2127	Q22964785
P2128	Q21077852
P2129	Q21077852,Q21294996
P545	Q22984545,Q22964785
P1472	Q18608871,Q18610173
P547	
P546	Q22984363
P541	Q22984475
P1476	Q18618644
P543	Q22984545,Q22964785
P542	Q22964785
P1479	Q28746712,Q22964785
P1478	Q28746712,Q22964785
P549	Q22988631,Q19847637,Q18608871
P548	Q15720608
P2658	Q23038310,Q21294996
P2659	Q19829914,Q22988651
P2652	Q18608993,Q18647518
P2650	Q18608993,Q18608871
P2651	Q18608993,Q19847637,Q22984450
P2656	Q22984545
P2657	Q18608993,Q19847637
P2655	Q18608993,Q19847637,Q22984450
P1877	Q18618644,Q27918607,Q15720608
P1876	Q22984363
P1875	Q18608871,Q26935994
P1874	Q27531381,Q18618644,Q19847637
P1873	Q22984545
P1872	Q22984545
P1871	Q18608993,Q18608871,Q19847637,Q19829914
P1870	Q18608993,Q19847637
P1879	Q19829914
P1878	
P949	Q18608871,Q19847637
P948	Q18610173,Q19829914,Q24262056
P1053	Q18608871,Q19847637
P1052	Q19847637,Q24043375
P1055	Q19887775,Q18618644,Q19847637
P1054	Q18618644,Q19847637,Q27918607
P1057	Q19887775
P1056	Q18608993
P941	Q18618644
P940	Q21294996
P943	Q18618644,Q22963600
P942	Q18618644,Q27525351
P945	Q22984475
P944	Q22988603
P947	Q18608871,Q19847637
P946	Q19847637,Q21264328
P721	Q19847637,Q19829914
P720	Q22981316
P723	Q18608871,Q19847637
P722	Q19847637,Q22984363
P725	Q18618644
P724	Q18618644,Q19847637
P727	Q19847637
P726	Q22984475,Q22964785
P729	Q18668171
P728	Q21099935
P1279	Q21451178
P1278	Q18608993,Q19847637,Q21451178
P1271	Q19847637
P1270	Q18618644,Q19847637
P1273	Q18608871,Q19847637
P1272	Q18618644,Q19847637
P1275	Q19847637
P1274	Q18618644,Q19847637
P1277	Q18608993,Q18618644,Q19847637
P1276	Q18608993,Q18608871,Q19847637,Q19829914
P1990	
P1992	Q22988603,Q19847637
P3737	Q22981316
P835	Q18608871,Q19847637
P834	Q22984363
P837	
P836	Q19847637
P831	Q18608993,Q22984545
P830	Q22988603,Q19847637
P833	Q22984363
P832	Q22964785
P1994	Q18618644,Q19847637,Q27525351
P839	Q27525351,Q19847637
P838	Q22988603,Q19847637
P1995	Q19887775
P1996	Q18608871,Q19847637
P1997	Q19847637,Q19829914
P1305	Q18618644,Q19847637,Q19829914
P1304	Q21451178,Q22997934
P1307	Q18608871,Q19847637
P619	Q28104992,Q18668171
P618	Q22963600
P1303	Q18608871,Q27525351
P1302	Q18615777,Q22984363
P617	Q19847637,Q21264328
P611	Q22983697
P610	Q18615777
P613	Q18615777
P612	Q22983697
P4031	Q18608993,Q19847637
P2080	Q18608871,Q28649030,Q19847637
P2477	Q19847637
P4032	Q18618644
P1473	Q18608871,Q19847637
P1471	Q19847637,Q22984363
P447	Q18618644,Q15720608
P1470	Q22984363
P1477	Q18608871,Q19643892,Q26935994
P98	Q18618644
P4062	Q18608993,Q18608871,Q19847637,Q22984545
P91	Q18608871
P92	Q22984026
P1474	Q18618644,Q19847637,Q27918607
P94	Q18608993,Q18610173,Q26940804,Q22997934
P97	Q18608871
P2606	Q18618644,Q19847637,Q22963600,Q22984545
P935	Q18610173
P4066	Q18608993,Q18608871,Q19847637,Q22984545
P937	Q18608871,Q18615777,Q22964785
P930	Q22984363
P931	Q18615777,Q22984363
P3758	Q18618644,Q19847637,Q19829914
P3759	Q19847637,Q19829914
P2601	Q18608871,Q19847637,Q22984545
P4082	Q18618644
P811	Q18608871
P1574	Q18618644,Q27918607
P3750	Q27531381,Q18618644,Q19847637
P3751	Q22984026
P3752	Q22988631,Q18618644
P933	Q19847637
P155	
P3755	Q22988631,Q18618644
P3756	Q22988631,Q18618644
P3757	Q22988631,Q18618644
P4068	Q18608993,Q18608871,Q19847637,Q22984545
P3436	Q18608871,Q19847637,Q27918607
P442	Q19847637,Q19829914
P2600	Q18608871,Q19847637
P2603	Q27531381,Q18618644,Q19847637
P2939	Q18608993,Q19847637,Q22984545
P2938	Q19847637
P2937	Q15720608
P2936	Q18616084
P2935	
P2931	Q22988631
P2930	Q18608871,Q22981316,Q19847637
P3354	Q19887775
P3355	Q19887775
P3356	Q19887775
P3357	Q19887775
P3350	Q19847637,Q21294996
P3183	Q19847637
P3352	Q18618644,Q19847637,Q27525351
P3353	Q19847637,Q19829914,Q22984545,Q22984363
P3182	Q19847637,Q19829914
P2602	Q18608871,Q19847637,Q22984545
P3359	Q19887775
P3688	Q18608871,Q19847637,Q22984545
P3689	Q18608871,Q19847637,Q22984545
P2367	Q19847637,Q22988651
P3682	Q18608993,Q18608871,Q19847637,Q22984545
P3683	Q18608871,Q19847637,Q22984545
P3680	Q15720608
P3674	Q18608871,Q27525351,Q19847637
P3686	Q18608871,Q19847637,Q22984545
P3687	Q18608871,Q19847637,Q22984545
P3684	Q18608871,Q19847637,Q22984545
P3685	Q18608871,Q19847637,Q22984545
P3189	Q19887775
P3188	Q18608871,Q19847637
P4039	Q18608993,Q18608871,Q27525351,Q19847637
P3530	Q19829914,Q22984545
P3531	Q18608871,Q22984545
P2809	Q22988603,Q19847637
P2808	Q21077852
P3534	Q18608993,Q19847637
P3535	Q18608871,Q19847637,Q22984545
P3536	Q18608871,Q22984545
P3537	Q18608871,Q19847637,Q22984545
P2803	Q21027105
P2802	Q22984363
P2801	Q18608871,Q19847637,Q22984545
P2800	Q18608871,Q19847637,Q22984545
P2807	Q21077852
P2806	Q21077852
P2805	Q18608871,Q19847637,Q22984545
P2804	Q18608871,Q19847637,Q22984545
P3097	Q19847637
P2249	Q22988603,Q19847637
P2248	Q22981316,Q21077852
P2244	Q28104992,Q22981316
P2241	Q28110291,Q15720608
P2240	Q21294996
P2243	Q28104992,Q22981316
P2242	Q18618644,Q19847637,Q27918607
P1918	
P1051	Q19847637
P1050	Q19887775,Q18608871
P1910	
P1911	
P1912	
P1913	
P1914	
P1915	
P1916	
P1917	Q19887775
P2331	Q18608993,Q19847637,Q22984545
P2330	Q19847637,Q22984545,Q22964785
P2333	Q18608993,Q19847637
P2332	Q18608871,Q19847637,Q27918607
P2335	Q18608993,Q27531381,Q19847637
P2334	Q27531381,Q18618644,Q19847637
P2337	Q18608993,Q27531381,Q19847637
P2336	Q27531381,Q18618644,Q19847637,Q27525351
P2339	Q18618644,Q19847637
P2338	Q18608871,Q27525351,Q19847637
P3226	Q18608871,Q19847637
P3227	Q19847637,Q19829914
P3220	Q18608993,Q19847637
P3221	Q19847637
P3222	Q19847637
P3223	Q18618644,Q19847637,Q22984363,Q19829914
P1680	Q18618644
P2068	Q21077852,Q21294996
P2799	Q18608871,Q19847637,Q27918607
P1683	Q18608359,Q29575308
P1684	Q18618644,Q19829914
P1685	Q18618644,Q21264328
P1686	Q15720608
P1687	
P1688	Q18608871,Q18618644,Q19847637
P1689	Q24710760,Q21451178
P2063	Q19847637,Q21294996
P2062	Q19847637,Q21294996
P2065	Q19847637,Q21294996
P2064	Q19847637,Q21294996
P2067	Q21077852
P2066	Q21077852
P3826	Q18608871,Q19847637,Q22984545
P1059	Q18608993,Q19847637
P3824	Q19847637,Q19829914
P3825	Q22984026
P3822	Q22984545
P3823	Q20824104
P3820	Q27918607
P1058	Q18618644,Q19847637
P3734	Q18667213
P3828	Q27659414,Q27918607
P3829	Q18608871,Q19847637
P2489	Q18618644,Q19847637,Q22983697,Q19829914
P2488	Q19847637,Q19829914
P2487	Q19847637,Q19829914
P2486	Q18608993,Q27659414,Q19847637
P2485	Q18608871,Q27659414,Q19847637,Q27918607
P2484	Q18608993,Q19847637,Q22984450
P2483	Q18608993,Q19847637,Q22984450
P2482	Q18608871,Q19847637,Q22984545
P2481	Q18608871,Q19847637,Q22984545
P2480	Q19847637
P530	Q22984475,Q22997934
P531	Q22984475,Q15720608
P532	Q22984363
P533	Q22964785
P1468	Q20824104,Q19847637
P1469	Q18608871,Q19847637,Q22984545
P536	Q18608871,Q19847637,Q22984545
P537	Q22988651
P538	Q22988651
P539	Q18608993,Q19847637
P1466	Q20824104,Q19847637
P1467	Q20824104,Q19847637
P1460	Q18618644,Q19847637,Q19829914
P1372	Q18618644,Q22963600
P1462	Q18608993
P1463	Q18608871,Q19847637
P2465	Q27531381,Q18618644,Q19847637
P2464	Q22988603,Q19847637
P2467	Q27642681,Q19847637
P1373	Q22984363
P2461	Q18618644,Q19847637
P2460	Q18608871,Q19847637
P2463	Q18608993,Q19847637
P2462	Q18608871,Q18615777
P3732	Q18618644,Q19847637
P2469	Q18608871,Q19847637
P2468	Q18618644,Q19847637,Q19829914
P3466	Q19847637
P1866	Q19847637,Q22983697,Q19829914
P1867	Q22984475
P1868	Q22984475
P1869	Q18608871,Q19847637
P1042	Q18618644,Q19847637
P1043	Q24043375
P1040	Q27531381,Q18618644
P1041	Q22963600
P1046	Q22981316
P1047	Q18608871,Q19847637,Q22983697
P1044	Q18618644,Q19847637,Q27918607
P1045	Q22984475,Q18608871,Q19847637
P1048	Q18608871,Q19847637
P1049	Q18608871,Q22983697
P3999	
P289	Q22984363
P286	Q18608993,Q18608871,Q22984545
P287	Q18618644
P282	Q20824104
P281	Q19829914,Q21264328,Q26935994
P993	Q21099935
P1268	
P991	Q22984475,Q22964785
P996	Q18610173
P449	Q18618644
P994	Q21099935
P995	Q21099935
P1262	Q19847637,Q15720608
P1263	Q18608871,Q19847637
P1260	Q19847637
P999	Q22981316,Q19847637
P1266	Q27531381,Q18608871,Q19847637
P1267	Q18618644,Q19847637
P1264	Q15720608
P1265	Q27531381,Q18618644,Q19847637
P840	Q18615777,Q18618644
P841	Q18608871
P842	Q22988603,Q19847637
P843	Q19847637,Q19829914
P844	Q19847637
P845	Q19847637
P846	Q22988603,Q19847637
P847	Q18608993,Q22984363
P849	Q22984363
P1316	Q27531381,Q18618644,Q19847637
P1317	Q18608871,Q18668171,Q22964785
P1314	Q19829914,Q22984363
P1315	Q18608871,Q19847637
P1312	Q22988631
P1313	Q18608993,Q22984475,Q22997934
P1310	Q15720608
P1311	Q19847637,Q19829914,Q22984363
P660	Q21294996
P193	Q19829914
P190	Q18647518,Q19829914
P663	Q19887775
P664	Q22964785,Q22984545
P665	Q19887775,Q19847637,Q21294996
P1318	Q18608871
P667	Q19887775
P3985	
P3984	Q18608993,Q19847637
P3138	Q27531381,Q18618644,Q19847637
P3987	Q19847637
P3986	
P6	Q22984475,Q22997934
P3981	Q18608871,Q19847637,Q22983697
P3980	Q27531381,Q18608871,Q19847637
P3982	Q19887775
P264	Q18608993,Q18618644,Q27525351
P267	Q19847637,Q21294996
P263	Q18608871,Q22984475
P2034	Q18618644,Q19847637,Q27918607
P268	Q19847637
P269	Q19847637
P3921	
P3867	Q18608871,Q19847637,Q22984545
P2588	Q19847637,Q19829914
P2589	Q19847637
P2929	Q22984363,Q19829914
P2922	
P2923	Q21077852,Q22984363,Q19829914
P2924	Q19847637
P2925	Q22983697
P2926	Q19847637,Q21294996
P2927	Q24710760,Q19829914
P3321	
P3320	Q18608993
P3323	Q15720608
P3322	Q22988603,Q19847637
P3325	Q18608871,Q19847637,Q22984450
P3324	Q19847637
P3327	Q27642681,Q19847637
P3326	Q19847637,Q19829914,Q24041622
P3329	Q19887775,Q22988603,Q19847637
P3328	Q19847637
P2196	Q18608993,Q22984450
P1461	Q19887775,Q19847637
P2814	Q18608993,Q19847637,Q19829914
P2815	Q18618644,Q19847637,Q19829914,Q22984363
P2816	Q18618644,Q19847637,Q22963600,Q22984545
P2817	
P2810	Q18608871,Q28649030,Q19847637,Q22984545
P2811	Q18608871,Q19847637,Q22984545
P2812	Q22988631,Q19847637
P2813	Q18608993
P2818	Q18608871,Q19847637,Q22984545
P2819	Q18618644,Q19847637,Q27525351
P3215	Q18608993,Q19847637
P3783	Q18618644,Q19847637
P3782	Q18608871,Q19847637,Q27918607
P3781	Q21294996
P2202	Q21077852
P3039	Q21077852,Q22984363
P2628	Q18608993,Q19847637
P3785	Q27531381,Q18618644,Q19847637
P3784	Q18618644,Q19847637
P3035	Q18608993,Q19847637
P3034	Q19847637
P3037	
P3036	Q22969167
P3031	Q22988603
P3030	Q18618644,Q27525351
P3033	Q18618644,Q22963600
P3032	Q18615777,Q18647518
P1229	Q18608871,Q19847637
P2258	Q19847637
P2259	Q19847637,Q21264328
P2257	Q22964785
P2254	Q21077852
P2255	Q18608871,Q19847637
P2252	Q18608871,Q19847637,Q27918607
P2253	Q18608993,Q19847637,Q22984450
P2250	Q21077852,Q22988603,Q22984494
P4033	Q18608871,Q19847637
P3402	Q27531381,Q18618644
P3337	Q22988603
P3219	Q19847637
P3218	Q19847637
P2322	Q18618644,Q21264328
P2323	Q18608993,Q18608871,Q19847637,Q22984545
P2320	Q22964785
P757	Q27642681,Q19847637
P2326	Q19847637,Q19829914
P2327	Q19847637,Q22984545,Q22964785
P2324	
P2325	Q22981316
P3251	Q21077852
P1301	Q22984363
P2328	Q18608993,Q19847637,Q22984545
P2329	Q19887775
P3254	Q22582645
P3257	Q19847637,Q19829914
P1300	Q18618644,Q19847637
P2740	Q18608993,Q19847637
P2078	Q18618644,Q22963600
P2079	
P1679	Q18618644,Q19847637,Q27918607
P1678	Q22988631
P2741	Q18608871,Q19847637,Q27918607
P1675	Q15720608
P1674	Q15720608
P1677	Q19887775,Q18608871
P1676	Q15720608
P1671	Q22984363,Q21264328
P1670	Q19847637
P1673	Q21099935
P1672	Q22988603
P3813	Q22988651,Q19847637,Q19829914,Q22984363
P3812	Q18608871,Q27659414,Q19847637
P3811	Q22988603,Q19847637
P2035	Q18608871,Q19847637
P3817	
P3816	Q27531381,Q18618644
P3815	Q19829914,Q22988651
P3814	Q18608871,Q27659414,Q19847637
P2744	Q18608871,Q19847637,Q15720608
P3819	Q18608993,Q19847637
P3818	Q27531381,Q18618644
P2745	Q18608871,Q19847637
P2746	Q21451178
P1309	Q18608871,Q19847637
P2747	Q27531381,Q18618644
P3724	Q19847637
P1308	Q18608993
P2498	Q18608871,Q28649030,Q19847637
P2499	Q22984545,Q22964785
P2749	Q18618644,Q19847637,Q22963600
P2490	Q19847637,Q19829914
P2491	Q19847637,Q19829914,Q22984545
P2492	Q18608871,Q19847637
P2493	Q19847637,Q22984450
P2494	Q19847637
P2496	Q19847637,Q19829914
P2497	Q19847637,Q19829914
P1419	Q22964093
P1418	Q28104992,Q22984363
P521	Q22984363
P520	Q18608993
P527	Q28326461,Q28326730,Q29957815,Q18647515
P2675	Q18618644
P525	Q19847637,Q19829914
P524	
P1411	Q18608871
P1410	Q18608993,Q22984475
P529	Q22984363,Q21264328
P1412	Q18608871,Q26935994,Q18616084
P1415	Q18608871,Q19847637
P1414	Q18618644,Q22963600
P1417	Q19847637
P1416	Q18608871
P1789	Q18608993
P1788	Q18608871,Q28649030,Q19847637
P2474	Q18618644,Q19847637
P2475	Q18618644,Q19847637
P2472	Q18608993,Q18608871,Q19847637
P2038	Q18608871,Q19847637
P2470	Q18608871,Q19847637
P2471	Q18608871,Q27659414,Q19847637
P1780	Q18615777,Q15720608
P1782	Q18608871,Q21099935,Q19643892
P1785	Q18608871,Q21099935,Q19643892
P1787	Q18608871,Q21099935,Q19643892,Q27918607
P1786	Q18608871,Q21099935,Q19643892
P3916	Q18608993,Q19847637,Q22997934
P1899	Q18608871,Q19847637
P1898	Q27525351
P2428	Q18608871,Q19847637
P1895	Q22988603,Q19847637
P1894	Q19847637,Q19829914
P1897	Q27525351
P1896	Q22582645
P1891	Q22984026
P1890	Q18608871,Q19847637
P1893	Q18618644,Q19847637
P2784	Q21077852,Q22988651
P2786	Q18615777
P2787	Q19829914,Q22984363
P2780	Q18608871,Q19847637,Q22984545
P2781	Q18608871,Q22984545,Q21077852,Q15720608,Q22964785
P1079	Q28104992,Q22984363
P1078	Q22963600
P1077	Q19847637,Q19829914
P1076	Q22988603
P1075	Q22984450
P1074	Q28100549,Q18618644
P1073	Q18618644,Q22963600
P1072	Q18618644,Q22963600
P1071	Q18615777,Q22964785
P1070	Q22988603,Q19847637
P1257	Q18618644,Q27918607
P1256	Q18618644
P1255	Q18608993,Q18608871,Q19847637
P1254	Q18608871,Q19847637
P1253	Q18608871,Q19847637
P1252	Q20824104,Q19847637
P1251	Q20824104,Q19847637
P1250	Q18618644,Q19847637
P291	Q18618644,Q18615777,Q27918607,Q22964785
P3911	Q19847637,Q21451178
P1529	Q19847637
P297	Q19847637,Q19829914
P296	Q22984363,Q21264328
P1097	Q22981316
P1096	Q22981316
P989	Q18610173
P1090	Q21027105,Q22981316
P1093	Q22984363
P1092	Q21451178
P457	Q18608993,Q22984026
P984	Q18608993,Q22984545
P455	Q18618644,Q19847637,Q19829914
P454	Q18618644,Q19847637,Q19829914
P1099	Q22984363
P1098	Q21027105,Q20824104,Q22984494
P451	Q18608871,Q18647518
P982	Q19847637,Q19829914
P853	Q18618644,Q22963600,Q22984545
P852	Q18618644,Q22963600,Q22984545
P850	Q22988603,Q19847637
P856	Q18608993,Q18608871,Q18618644,Q26935994,Q24262056
P855	Q18720640
P854	Q18608359
P859	Q18608993,Q18608871,Q22984545,Q22964785
P858	Q18608871,Q19847637,Q22984545
P185	Q18608871,Q22984450
P184	Q18608871,Q22984450
P3899	Q18608993,Q18608871,Q19847637
P186	
P181	Q18610173,Q22988603,Q26940804
P180	Q18618644
P183	Q22988603
P189	Q18615777,Q22964785
P1323	Q19887775
P1322	Q22988631
P1321	Q18608871
P1320	Q18608993,Q19847637
P1327	Q18608871
P1326	Q15720608
P1325	
P1324	Q18618644,Q22963600
P673	Q19887775
P672	Q19887775
P1329	Q26935994,Q21264328,Q24262056
P670	Q15720608,Q26935994,Q21264328,Q22984363
P677	Q27642681,Q19847637
P676	Q18618644,Q27525351
P675	Q18618644,Q19847637,Q27918607
P674	Q18618644
P2137	Q18608993,Q21451178
P2863	Q19847637
P969	Q24262056,Q18615777,Q26935994,Q21264328,Q22984363
P4026	Q18608871,Q19847637
P2136	Q19829914,Q21451178
P1230	Q19847637
P1846	Q18610173,Q26940804
P3406	Q22988603
P2868	Q26935994
P3101	Q22988603
P277	Q18618644,Q22963600
P276	Q18615777,Q18647515,Q22964785
P275	Q18618644
P274	Q21099935,Q21294996
P272	Q18618644
P271	Q18608871,Q19847637
P270	Q19847637
P3407	Q18608993,Q19847637,Q22983697
P279	Q28326461,Q18647519,Q18647521,Q18647515
P278	Q20824104,Q19847637
P1641	
P3417	Q18608993,Q19847637
P3655	Q18608871,Q19847637,Q22984545
P3140	Q27531381,Q18608871,Q19847637
P3415	Q15720608
P3414	
P2133	Q18608993,Q21451178
P3412	Q27642681,Q19847637,Q19829914
P3147	Q18618644,Q19847637
P3146	Q27531381,Q18608871,Q19847637
P3149	Q15720608
P3893	Q18668171,Q18618644,Q27918607
P1107	Q15720608
P368	Q18618644,Q18720640
P2943	Q18608871,Q19847637
P1104	Q21027105,Q18618644,Q27918607
P3892	Q18608871,Q19847637
P3419	Q19847637,Q19829914
P1103	Q22984363
P3418	Q18618644,Q22963600
P1450	Q18720640
P3332	Q19847637
P3333	Q19847637
P3330	Q18608871,Q27659414,Q19847637
P3331	Q19887775,Q22988603
P819	Q18618644,Q19847637
P3335	
P3338	Q22984545
P818	Q19847637
P361	Q28326461,Q18647515
P3891	Q22981316
P360	Q22969221
P4041	Q18618644,Q19847637,Q27525351
P1970	Q27531381,Q18618644,Q19847637
P3799	Q18608871,Q19847637,Q22984545
P4043	Q18618644,Q22963600
P813	Q18608359,Q18668171
P4042	Q18608871,Q19847637,Q22984545
P1458	Q22981316
P2861	Q18608871,Q19847637,Q22984450
P2860	Q18618644
P592	Q19887775,Q19847637,Q21294996
P2862	Q18608871,Q19847637,Q22984450
P2865	Q19847637
P367	Q18610173,Q26940804,Q22981316
P2867	Q19847637
P2866	Q19847637
P2869	Q22984545
P1971	Q18608871
P366	Q30025373
P3796	
P3797	
P3790	Q19847637
P3791	Q18608871,Q19847637
P593	Q19887775,Q19847637
P4044	Q19887775
P4047	Q18610173,Q18720640
P4046	Q19847637,Q19829914
P3798	Q19847637
P3792	Q21077852
P3028	Q24262056,Q15720608
P3029	Q18608993,Q18608871,Q19847637
P3026	Q24262056,Q15720608
P3027	Q24262056,Q15720608
P3024	
P3025	Q19829914,Q24262056
P3022	Q22984545,Q22964785
P3023	Q18608871,Q19847637
P3020	Q21077852
P3021	Q19847637
